session,driver_number,driver,lap_number,stint,compound,tyre_age,lap_time_s,fuel_est_kg,te_index,min_gap_s,traffic_flag,air_temp,track_temp,e_deploy_lap_mj,e_harvest_lap_mj,soc_min_lap_mj,n_empty_battery_clips,n_superclips,empty_clip_duration_s,superclip_duration_s,lift_coast_duration_s,fuel_in_stint_kg,is_representative
FP2,1,NOR,2.0,1.0,HARD,1.0,85.952,58.2,1.0986122886681096,inf,0,22.4,31.7,6.971616929899687,4.795497866652616,0.03408604700613364,16,0,28.60000000000002,0.0,15.600000000000001,0.0,1
FP2,1,NOR,3.0,1.0,HARD,2.0,98.255,56.4,2.5649493574615367,inf,1,22.5,32.0,5.784804754412752,5.021568572734321,0.11394008409066693,12,0,23.899999999999984,0.0,20.900000000000002,-1.8,1
FP2,1,NOR,6.0,2.0,HARD,1.0,82.712,51.0,4.727387818712341,inf,0,22.6,31.8,7.449370553219734,5.065940320407258,0.34426542888120504,17,0,32.200000000000024,0.0,13.100000000000001,0.0,1
FP2,1,NOR,7.0,2.0,HARD,2.0,83.473,49.2,4.762173934797756,inf,0,22.5,31.9,7.83157625543146,4.781096444226338,0.14095315690897117,17,0,33.200000000000024,0.0,12.700000000000001,-1.8,1
FP2,1,NOR,8.0,2.0,HARD,3.0,82.69,47.4,4.787491742782046,inf,0,22.6,31.8,8.227520571007531,4.579615975969394,0.026020225087497878,21,0,33.300000000000004,0.0,12.700000000000001,-3.6,1
FP2,1,NOR,9.0,2.0,HARD,4.0,83.03,45.6,4.804021044733257,inf,0,22.6,31.8,7.8785687621156715,4.181381998651317,0.00845368235265743,15,1,36.59999999999999,0.8000000000000002,11.600000000000001,-5.4,1
FP2,1,NOR,12.0,3.0,HARD,1.0,81.94,40.2,4.890349128221754,inf,0,22.6,33.2,7.608057242491384,5.020251946821559,0.07721894430357056,12,1,31.49999999999999,6.3999999999999995,11.3,0.0,1
FP2,1,NOR,15.0,4.0,SOFT,1.0,80.794,34.8,5.313205979041787,inf,0,22.4,34.5,7.896432522053143,5.102495836617645,0.1459759706819884,19,0,32.40000000000001,0.0,10.8,0.0,1
FP2,1,NOR,16.0,4.0,SOFT,2.0,116.348,33.0,5.342334251964811,inf,1,22.3,34.7,0.11151864894546917,1.964739688959186,3.8884813510545313,1,0,0.3999999999999998,0.0,38.900000000000006,-1.8,0
FP2,1,NOR,17.0,4.0,SOFT,3.0,110.04,31.2,5.389071729816501,inf,1,22.3,34.3,0.8596706115433972,1.5974430796376342,3.140329388456599,0,0,0.0,0.0,34.800000000000004,-3.6,0
FP2,1,NOR,18.0,4.0,SOFT,4.0,80.95,29.4,5.438079308923196,inf,0,22.4,34.7,7.704719283594876,4.8776707293496955,0.12091802987757819,16,0,35.800000000000004,0.0,11.5,-5.4,1
FP2,1,NOR,19.0,4.0,SOFT,5.0,105.89,27.6,5.5093883366279774,inf,1,22.3,34.9,1.0435286803104897,3.094020776282247,3.1653853995727466,2,0,1.8000000000000085,0.0,31.8,-7.2,0
FP2,1,NOR,20.0,4.0,SOFT,6.0,84.917,25.799999999999997,5.560681631015528,inf,0,22.4,34.8,4.619926873131856,4.877166585509807,1.8777426344129202,10,1,20.200000000000014,3.2999999999999994,16.1,-9.0,1
FP2,1,NOR,21.0,4.0,SOFT,7.0,83.385,24.0,5.62040086571715,inf,0,22.4,35.0,6.29220498750907,5.197108132601032,1.182114364425269,15,0,34.40000000000003,0.0,16.8,-10.8,1
FP2,1,NOR,22.0,4.0,SOFT,8.0,82.989,22.199999999999996,5.66988092298052,inf,0,22.5,35.1,7.405956033745129,4.663961930486504,0.03865369220394476,14,0,32.29999999999998,0.0,13.3,-12.6,1
FP2,1,NOR,23.0,4.0,SOFT,9.0,95.888,20.4,5.717027701406222,inf,1,21.9,34.9,5.709728185885846,4.139299989026177,0.754860182161593,11,0,24.000000000000014,0.0,22.900000000000002,-14.4,0
FP2,1,NOR,24.0,4.0,SOFT,10.0,92.487,18.6,5.752572638825633,inf,1,22.4,36.0,5.6856367547831095,3.130098044589228,1.1198918791113672,11,0,21.500000000000007,0.0,23.3,-16.2,1
FP2,1,NOR,25.0,4.0,SOFT,11.0,88.124,16.799999999999997,5.786897381366708,inf,1,22.3,35.6,6.490255473145721,5.199947389999545,1.8042281407948821,12,0,25.900000000000006,0.0,21.1,-18.0,1
FP2,1,NOR,26.0,4.0,SOFT,12.0,83.604,15.0,5.817111159963204,inf,0,22.5,36.0,7.067400643685916,4.781910694093266,0.8550347852403656,12,0,30.70000000000001,0.0,15.0,-19.8,1
FP2,1,NOR,27.0,4.0,SOFT,13.0,85.274,13.199999999999996,5.8522024797744745,inf,0,22.5,35.4,6.629499799971594,5.768570818963063,1.5507942275058844,21,1,26.200000000000056,0.40000000000000424,15.200000000000001,-21.6,1
FP2,10,GAS,2.0,1.0,MEDIUM,1.0,84.979,58.2,1.3862943611198906,inf,0,22.4,31.7,6.695700150851893,4.699785457088557,1.2197637020052072,17,1,30.69999999999999,1.300000000000003,11.3,0.0,1
FP2,10,GAS,3.0,1.0,MEDIUM,2.0,118.344,56.4,2.995732273553991,inf,1,22.5,31.6,0.97572300564291,3.5020808820527383,3.466131781526278,2,0,1.1000000000000056,0.0,30.400000000000002,-1.8,0
FP2,10,GAS,4.0,1.0,MEDIUM,3.0,83.427,54.6,3.4657359027997265,inf,0,22.5,32.1,7.306722263687503,4.570599881362865,0.8754823005952177,20,0,33.100000000000016,0.0,10.9,-3.6,1
FP2,10,GAS,5.0,1.0,MEDIUM,4.0,121.779,52.8,3.8712010109078907,inf,1,22.5,31.6,1.0856673971610582,3.1311445621101353,3.466131781526278,2,0,3.1000000000000085,0.0,25.700000000000003,-5.4,0
FP2,10,GAS,6.0,1.0,MEDIUM,5.0,82.83,51.0,4.07753744390572,inf,0,22.6,31.5,7.164211615064134,4.59381497600209,0.7894994872878349,12,0,36.499999999999986,0.0,10.200000000000001,-7.2,1
FP2,10,GAS,7.0,1.0,MEDIUM,6.0,115.416,49.2,4.290459441148391,inf,1,22.7,32.2,1.8684146341064185,2.792593864350769,2.793853284188999,3,0,6.499999999999994,0.0,23.200000000000003,-9.0,0
FP2,10,GAS,8.0,1.0,MEDIUM,7.0,82.404,47.4,4.465908118654584,inf,0,22.7,32.5,7.305195955935476,4.457699711158911,0.5734685996520976,16,0,32.70000000000001,0.0,10.100000000000001,-10.8,1
FP2,10,GAS,9.0,1.0,MEDIUM,8.0,119.277,45.6,4.59511985013459,inf,1,22.9,32.1,0.7475682580218932,2.701786249802738,3.4859046785067864,4,0,2.4999999999999973,0.0,25.8,-12.6,0
FP2,10,GAS,10.0,1.0,MEDIUM,9.0,82.514,43.8,4.700480365792417,inf,0,22.6,31.8,7.50717723995008,4.360569465547044,0.2505447902378063,13,0,34.6,0.0,10.700000000000001,-14.4,1
FP2,10,GAS,13.0,2.0,SOFT,1.0,82.774,38.4,5.214935757608986,inf,0,22.6,33.7,8.028685016243827,4.468505621650214,0.11251587428658452,12,1,35.79999999999999,0.39999999999999714,10.9,0.0,1
FP2,10,GAS,14.0,2.0,SOFT,2.0,126.352,36.599999999999994,5.25227342804663,inf,1,22.1,33.8,1.5506232726645086,2.3858364155289267,2.991582253994081,5,0,5.099999999999994,0.0,23.400000000000002,-1.8,0
FP2,10,GAS,15.0,2.0,SOFT,3.0,82.167,34.8,5.2832037287379885,inf,0,22.4,34.4,7.669009659419438,4.30960496694264,0.11110874128011458,11,0,34.30000000000001,0.0,9.9,-3.6,1
FP2,12,ANT,3.0,1.0,HARD,1.0,81.426,56.4,3.1354942159291497,inf,0,22.5,31.6,7.8141834918517,4.384028112158074,0.24954755842276935,17,1,32.3,0.4000000000000007,8.700000000000001,0.0,1
FP2,12,ANT,4.0,1.0,HARD,2.0,121.376,54.6,3.6109179126442243,inf,1,22.4,31.8,0.7519846750080469,2.9867907501833937,3.3392635980338605,0,0,0.0,0.0,27.6,-1.8,0
FP2,12,ANT,5.0,1.0,HARD,3.0,100.591,52.8,3.9512437185814275,inf,1,22.5,31.6,3.7537965877373805,3.4564636846306214,2.7612645552304986,8,0,9.599999999999998,0.0,17.400000000000002,-3.6,0
FP2,12,ANT,6.0,1.0,HARD,4.0,80.801,51.0,4.143134726391533,inf,0,22.6,31.5,7.834933467270328,4.132763689452783,0.012828215501220057,17,0,32.60000000000001,0.0,8.1,-5.4,1
FP2,12,ANT,9.0,2.0,SOFT,1.0,80.227,45.6,4.770684624465665,inf,0,22.6,31.9,7.862654553763283,4.052255749983271,0.011565670893620842,20,1,32.5,0.30000000000000016,7.800000000000001,0.0,1
FP2,12,ANT,12.0,3.0,SOFT,1.0,79.943,40.2,4.844187086458591,inf,0,22.6,33.4,7.739319135376781,3.966431142709575,0.07361325013551633,19,0,37.50000000000003,0.0,7.6000000000000005,0.0,1
FP2,12,ANT,15.0,4.0,HARD,1.0,84.65,34.8,5.220355825078325,inf,0,22.6,33.7,7.675468419965487,4.309942295176345,0.12012269222018218,17,0,25.79999999999999,0.0,12.4,0.0,1
FP2,12,ANT,16.0,4.0,HARD,2.0,84.194,33.0,5.247024072160486,inf,0,22.5,33.8,7.352861210923265,4.1740562428137356,0.0011636223674515859,13,0,25.000000000000004,0.0,10.9,-1.8,1
FP2,12,ANT,17.0,4.0,HARD,3.0,84.089,31.2,5.278114659230518,inf,0,22.4,34.4,7.6729624358973725,4.149471902622253,0.022111382296068374,15,0,30.00000000000002,0.0,11.4,-3.6,1
FP2,12,ANT,18.0,4.0,HARD,4.0,84.045,29.4,5.293304824724492,inf,0,22.4,34.2,7.59396193673662,4.020998137189547,0.004774037940983247,20,0,31.699999999999974,0.0,9.600000000000001,-5.4,1
FP2,12,ANT,19.0,4.0,HARD,5.0,84.053,27.6,5.308267697401205,inf,0,22.4,34.5,7.8062171131911064,4.176856231154231,0.003328481834978349,19,0,28.300000000000004,0.0,9.600000000000001,-7.2,1
FP2,12,ANT,20.0,4.0,HARD,6.0,84.024,25.799999999999997,5.3230099791384085,inf,0,21.9,34.5,7.642426933913226,4.0151905335762255,0.0034526049832991745,15,0,29.300000000000022,0.0,10.3,-9.0,1
FP2,12,ANT,21.0,4.0,HARD,7.0,83.756,24.0,5.356586274672012,inf,0,22.3,34.7,7.5380040302240285,3.974695698705017,0.006248997618710513,15,0,33.999999999999986,0.0,10.0,-10.8,1
FP2,12,ANT,22.0,4.0,HARD,8.0,83.712,22.199999999999996,5.393627546352361,inf,0,22.4,34.2,7.599975772301982,4.161746602345255,0.012196419924263319,21,0,36.79999999999998,0.0,10.0,-12.6,1
FP2,12,ANT,23.0,4.0,HARD,9.0,83.689,20.4,5.44673737166631,inf,0,22.4,34.7,7.41199380043285,4.242068127886719,0.006246009038951509,19,0,30.3,0.0,10.5,-14.4,1
FP2,12,ANT,24.0,4.0,HARD,10.0,84.61,18.6,5.501258210544727,inf,0,22.3,34.9,7.600822791572234,4.298278689497701,0.24069069539042223,13,1,27.500000000000014,1.5000000000000058,12.100000000000001,-16.2,1
FP2,12,ANT,25.0,4.0,HARD,11.0,88.659,16.799999999999997,5.552959584921617,inf,1,22.4,34.8,6.709270582835801,4.052196912338142,0.3936937820240747,12,1,31.600000000000012,0.7000000000000014,14.200000000000001,-18.0,1
FP2,12,ANT,26.0,4.0,HARD,12.0,84.424,15.0,5.6131281063880705,inf,0,22.5,35.3,7.62896919245433,4.217146876026563,0.0031529725983731934,18,0,30.500000000000004,0.0,10.4,-19.8,1
FP2,12,ANT,27.0,4.0,HARD,13.0,84.89,13.199999999999996,5.666426688112432,inf,0,22.5,35.1,7.80086726767527,4.401468464896075,0.033465012854032895,17,1,25.099999999999994,0.9999999999999986,12.8,-21.6,1
FP2,14,ALO,4.0,2.0,SOFT,1.0,85.883,54.6,5.135798437050262,inf,0,22.5,33.7,9.053987623600959,5.241510637281957,5.363738939739934e-08,16,1,31.499999999999993,0.39999999999999714,12.4,0.0,1
FP2,14,ALO,5.0,2.0,SOFT,2.0,111.854,52.8,5.176149732573829,inf,1,22.0,33.7,4.576414856254855,3.275115837379878,2.0782415152361833,5,0,7.399999999999984,0.0,32.300000000000004,-1.8,0
FP2,14,ALO,6.0,2.0,SOFT,3.0,85.552,51.0,5.198497031265826,inf,0,22.3,33.7,8.847940825434655,4.923407809937025,6.685904732443938e-12,14,0,36.000000000000014,0.0,12.3,-3.6,1
FP2,14,ALO,7.0,2.0,SOFT,4.0,112.933,49.2,5.236441962829949,inf,1,22.5,33.8,1.2878153328153323,4.460070072993897,2.8799999999999955,3,0,1.5000000000000142,0.0,30.700000000000003,-5.4,0
FP2,14,ALO,8.0,2.0,SOFT,5.0,84.939,47.4,5.262690188904886,inf,0,22.4,34.4,8.88079954050258,4.927825802983125,5.798404754946857e-11,19,0,33.50000000000003,0.0,11.4,-7.2,1
FP2,14,ALO,11.0,3.0,SOFT,1.0,105.175,42.0,5.602118820879701,inf,0,22.5,35.3,3.0832654515813824,5.435469703801118,2.6734577859009625,3,0,5.200000000000013,0.0,24.200000000000003,0.0,1
FP2,14,ALO,14.0,4.0,SOFT,1.0,116.038,36.599999999999994,5.777652323222656,inf,1,22.5,35.6,4.34,5.3329252187403835,2.5282022976336567,6,0,6.200000000000019,0.0,26.0,0.0,0
FP2,14,ALO,15.0,4.0,SOFT,2.0,84.662,34.8,5.808142489980444,inf,0,22.5,36.0,8.606729980718917,4.8896866698176575,3.052715477723624e-08,18,0,29.299999999999997,0.0,10.600000000000001,-1.8,1
FP2,14,ALO,16.0,4.0,SOFT,3.0,100.891,33.0,5.846438775057724,inf,0,22.5,35.4,3.3950000000000005,3.6326367829991213,1.645043511492257,4,0,5.299999999999992,0.0,30.900000000000002,-3.6,1
FP2,16,LEC,2.0,1.0,HARD,1.0,110.132,58.2,2.70805020110221,inf,1,22.5,32.0,7.259649477698433,6.103623025761296,0.004635138027081213,8,0,26.400000000000006,0.0,28.0,0.0,0
FP2,16,LEC,3.0,1.0,HARD,2.0,82.215,56.4,3.4011973816621555,inf,0,22.5,32.1,8.223575873835985,5.482314613332048,0.08930159228565952,12,0,33.40000000000001,0.0,8.9,-1.8,1
FP2,16,LEC,4.0,1.0,HARD,3.0,103.795,54.6,3.713572066704308,inf,1,22.4,31.8,2.3442081567578135,4.29572689974726,2.874780084756246,4,0,4.799999999999999,0.0,25.5,-3.6,1
FP2,16,LEC,5.0,1.0,HARD,4.0,81.478,52.8,3.9889840465642745,inf,0,22.5,31.6,8.284763614893699,5.309498018542024,0.04549401404279668,8,0,34.0,0.0,8.6,-5.4,1
FP2,16,LEC,6.0,1.0,HARD,5.0,127.328,51.0,4.248495242049359,inf,1,22.6,31.9,0.7501466101625001,2.7419699740801526,3.2732954714050755,0,0,0.0,0.0,32.800000000000004,-7.2,0
FP2,16,LEC,7.0,1.0,HARD,6.0,95.376,49.2,4.394449154672439,inf,0,22.7,32.5,6.0459704756732595,6.330858711722878,2.207938943775342,7,0,16.80000000000001,0.0,20.200000000000003,-9.0,1
FP2,16,LEC,8.0,1.0,HARD,7.0,81.814,47.4,4.532599493153256,inf,0,22.9,32.2,8.23480214210253,5.228513830418718,0.013051094812355661,11,0,36.39999999999999,0.0,9.200000000000001,-10.8,1
FP2,16,LEC,9.0,1.0,HARD,8.0,104.289,45.6,4.653960350157523,inf,1,22.8,32.1,3.357446925534276,3.6157630144092776,1.6792339248097572,3,0,9.400000000000004,0.0,26.8,-12.6,1
FP2,16,LEC,12.0,2.0,SOFT,1.0,103.54,40.2,4.927253685157205,inf,1,22.6,33.2,6.300013045216945,5.308964264985265,0.12603729731933996,7,0,19.9,0.0,20.200000000000003,0.0,1
FP2,16,LEC,13.0,2.0,SOFT,2.0,97.739,38.4,4.969813299576001,inf,0,22.5,33.0,5.023670920131264,5.587834059849695,2.5228856583077595,9,0,11.50000000000003,0.0,18.5,-1.8,1
FP2,16,LEC,14.0,2.0,SOFT,3.0,80.38,36.599999999999994,5.030437921392435,inf,0,22.5,33.7,8.529559259577297,5.430522285056796,0.04797962486211688,10,0,37.099999999999994,0.0,9.700000000000001,-3.6,1
FP2,16,LEC,17.0,3.0,SOFT,1.0,80.291,31.2,5.204006687076795,inf,0,22.3,33.7,8.142192080464671,5.284718729455234,0.0688704801984666,14,0,33.39999999999999,0.0,10.0,0.0,1
FP2,16,LEC,18.0,3.0,SOFT,2.0,117.649,29.4,5.241747015059643,inf,1,22.5,33.8,0.9611253442707037,3.804286014712896,3.202969226702341,1,0,0.6,0.0,29.3,-1.8,0
FP2,16,LEC,19.0,3.0,SOFT,3.0,80.346,27.6,5.272999558563747,inf,0,22.4,34.4,7.559807181632815,5.321388441698714,0.060135284969080424,12,0,32.90000000000002,0.0,9.3,-3.6,1
FP2,16,LEC,22.0,4.0,HARD,1.0,84.422,22.199999999999996,5.572154032177765,inf,0,22.4,34.8,8.488587017527573,5.0382982720073395,0.2646244504749688,14,0,30.200000000000006,0.0,11.600000000000001,0.0,1
FP2,16,LEC,24.0,4.0,HARD,3.0,84.394,18.6,5.68697535633982,inf,0,22.5,35.1,8.49353930038643,5.025771130590515,0.004737884971037748,14,0,31.2,0.0,11.4,-3.6,1
FP2,16,LEC,28.0,5.0,SOFT,1.0,84.035,11.399999999999999,5.834810737062605,inf,0,22.5,35.4,8.319264558954774,5.45385547225008,0.8009064697954612,17,1,29.299999999999994,0.3000000000000028,11.5,0.0,1
FP2,18,STR,4.0,2.0,SOFT,1.0,87.214,54.6,4.812184355372417,inf,0,22.6,32.5,6.9841353276795335,5.018131281957075,0.8781444880695773,16,0,30.299999999999994,0.0,15.100000000000001,0.0,1
FP2,18,STR,5.0,2.0,SOFT,2.0,117.642,52.8,4.8283137373023015,inf,1,22.7,33.0,3.6575000000000006,3.155648582096572,1.6734652099187541,3,0,15.299999999999992,0.0,36.7,-1.8,0
FP2,18,STR,6.0,2.0,SOFT,3.0,85.816,51.0,4.867534450455582,inf,0,22.6,33.2,8.076865530681829,4.935985586688155,0.034582822660326876,14,0,28.399999999999984,0.0,12.0,-3.6,1
FP2,18,STR,7.0,2.0,SOFT,4.0,143.157,49.2,4.955827057601261,inf,1,22.5,33.0,1.6906715238601278,3.109855620337026,3.3874999999999975,5,0,3.200000000000034,0.0,49.800000000000004,-5.4,0
FP2,18,STR,8.0,2.0,SOFT,5.0,85.861,47.4,5.0238805208462765,inf,0,22.5,33.4,7.803696705480881,4.562181669424611,0.02119820370991543,15,0,32.699999999999996,0.0,11.100000000000001,-7.2,1
FP2,18,STR,9.0,2.0,SOFT,6.0,144.632,45.6,5.117993812416755,inf,1,22.6,33.6,3.28440255592187,3.591635363270103,2.11255334916885,5,0,7.6000000000000085,0.0,49.2,-9.0,0
FP2,18,STR,12.0,3.0,SOFT,1.0,119.508,40.2,5.4116460518550396,inf,0,22.4,34.2,3.5875000000000004,2.5205327895331164,2.5966920975395826,5,0,9.49999999999999,0.0,29.1,0.0,1
FP2,23,ALB,2.0,1.0,HARD,1.0,85.119,58.2,1.791759469228055,inf,0,22.4,31.7,6.8531805577282645,4.623705732863119,0.9067356004490725,14,0,24.500000000000014,0.0,13.4,0.0,1
FP2,23,ALB,3.0,1.0,HARD,2.0,84.454,56.4,2.9444389791664403,inf,0,22.5,31.6,7.602897299328704,4.254211224768493,0.012289888218260702,17,0,30.20000000000001,0.0,10.3,-1.8,1
FP2,23,ALB,4.0,1.0,HARD,3.0,118.481,54.6,3.5553480614894135,inf,1,22.4,31.8,4.278579692815114,3.733341168645748,0.969345995839078,7,0,12.699999999999994,0.0,26.3,-3.6,0
FP2,23,ALB,5.0,1.0,HARD,4.0,83.557,52.8,3.828641396489095,inf,0,22.5,31.6,7.595747095075388,4.297594455236259,0.4041667743439953,11,0,32.3,0.0,11.700000000000001,-5.4,1
FP2,23,ALB,6.0,1.0,HARD,5.0,114.408,51.0,4.127134385045092,inf,1,22.6,31.5,2.051379316186809,3.6649615056713802,2.800186646988354,5,0,3.5999999999999917,0.0,22.3,-7.2,0
FP2,23,ALB,7.0,1.0,HARD,6.0,99.999,49.2,4.304065093204169,inf,1,22.7,32.2,4.385986205601449,3.868548103360213,1.9698945344263323,8,0,11.600000000000012,0.0,14.4,-9.0,0
FP2,23,ALB,8.0,1.0,HARD,7.0,82.86,47.4,4.477336814478207,inf,0,22.7,32.5,7.3793601810967235,4.583598898469853,0.6389175742329799,13,0,32.199999999999996,0.0,11.5,-10.8,1
FP2,23,ALB,9.0,1.0,HARD,8.0,125.605,45.6,4.61512051684126,inf,1,22.9,32.1,1.1554253072039016,3.5206858405182295,3.3887743295978408,4,0,2.3000000000000056,0.0,28.5,-12.6,0
FP2,23,ALB,10.0,1.0,HARD,9.0,83.155,43.8,4.718498871295094,inf,0,22.6,31.8,7.555869949020035,4.47095124844609,0.009332779378806647,8,1,21.800000000000004,15.6,10.4,-14.4,1
FP2,23,ALB,13.0,2.0,SOFT,1.0,81.847,38.4,4.897839799950911,inf,0,22.6,33.2,7.660306541284152,4.369238878205353,0.04865584342746273,10,0,34.499999999999986,0.0,9.700000000000001,0.0,1
FP2,23,ALB,15.0,2.0,SOFT,3.0,115.943,34.8,5.062595033026967,inf,1,22.5,33.7,1.820334196250449,3.620597321779345,3.221013242212489,3,0,4.400000000000003,0.0,29.8,-3.6,0
FP2,23,ALB,16.0,2.0,SOFT,4.0,81.978,33.0,5.111987788356544,inf,0,22.5,33.7,7.465935131641958,4.170391404036189,0.0001714788737273107,11,1,34.69999999999999,1.7000000000000015,8.200000000000001,-5.4,1
FP2,23,ALB,17.0,2.0,SOFT,5.0,128.316,31.2,5.170483995038151,inf,1,22.5,33.7,0.020299491354177513,2.0955890099724326,3.979700508645823,1,0,0.4999999999999999,0.0,26.1,-7.2,0
FP2,23,ALB,18.0,2.0,SOFT,6.0,101.018,29.4,5.209486152841421,inf,0,22.3,33.7,3.644716034620283,3.3975711724146973,1.6909252451473984,2,0,10.899999999999995,0.0,16.400000000000002,-9.0,1
FP2,23,ALB,21.0,3.0,HARD,1.0,85.891,24.0,5.402677381872279,inf,0,22.4,34.2,7.709739171840262,4.265834998390355,0.09098904150733161,13,0,26.200000000000014,0.0,13.600000000000001,0.0,1
FP2,23,ALB,22.0,3.0,HARD,2.0,86.529,22.199999999999996,5.4638318050256105,inf,0,22.3,34.7,7.483416527029656,4.0950907477011835,0.27892742773932966,15,0,25.80000000000003,0.0,13.8,-1.8,1
FP2,23,ALB,25.0,4.0,HARD,1.0,86.91,16.799999999999997,5.645446897643238,inf,0,22.4,35.0,7.040119335673948,4.790631041201012,0.7816556625519844,16,0,23.7,0.0,14.8,0.0,1
FP2,23,ALB,26.0,4.0,HARD,2.0,87.244,15.0,5.700443573390686,inf,0,22.5,34.9,7.117867366085019,4.348996540364112,0.6101317155013435,10,0,25.400000000000023,0.0,14.600000000000001,-1.8,1
FP2,23,ALB,27.0,4.0,HARD,3.0,108.67,13.199999999999996,5.739792912179234,inf,1,21.9,34.9,4.273840066276195,4.0233596176170465,2.5285307934762833,5,0,14.300000000000022,0.0,20.900000000000002,-3.6,0
FP2,23,ALB,28.0,4.0,HARD,4.0,86.648,11.399999999999999,5.7745515455444085,inf,0,22.5,35.6,6.805646584803982,4.8486734121914115,1.0285861466914206,12,0,21.000000000000007,0.0,13.600000000000001,-5.4,1
FP2,27,HUL,2.0,1.0,MEDIUM,1.0,83.262,58.2,0.0,inf,0,22.4,31.7,8.635299774248125,6.687163976299441,0.7537880330248485,14,0,29.699999999999992,0.0,9.9,0.0,1
FP2,27,HUL,3.0,1.0,MEDIUM,2.0,115.622,56.4,2.1972245773362196,inf,1,22.5,32.0,1.3317158007295298,4.296563015101031,3.2754239207803124,3,0,2.2000000000000144,0.0,30.200000000000003,-1.8,0
FP2,27,HUL,4.0,1.0,MEDIUM,3.0,82.215,54.6,3.258096538021482,inf,0,22.5,32.1,8.951116248412356,6.7604987030584995,0.2806934841161245,13,0,30.5,0.0,8.9,-3.6,1
FP2,27,HUL,5.0,1.0,MEDIUM,4.0,117.177,52.8,3.6635616461296463,inf,1,22.4,31.8,0.7541748994565814,3.4732756049346456,3.251271384806323,0,0,0.0,0.0,27.6,-5.4,0
FP2,27,HUL,6.0,1.0,MEDIUM,5.0,81.757,51.0,3.970291913552122,inf,0,22.5,31.6,8.891019090369891,6.441790238876502,0.17762779005163787,17,0,34.099999999999994,0.0,8.9,-7.2,1
FP2,27,HUL,7.0,1.0,MEDIUM,6.0,123.0,49.2,4.204692619390966,inf,1,22.6,31.9,0.7004235432457024,3.739058091692467,3.299576456754302,0,0,0.0,0.0,31.8,-9.0,0
FP2,27,HUL,8.0,1.0,MEDIUM,7.0,95.106,47.4,4.3694478524670215,inf,1,22.7,32.2,4.376859491355658,5.244271407127391,2.2770311052393355,6,0,9.699999999999978,0.0,21.200000000000003,-10.8,1
FP2,27,HUL,9.0,1.0,MEDIUM,8.0,82.063,45.6,4.5217885770490405,inf,0,22.9,32.2,8.555111700322552,6.343304461599789,0.4999512252492962,14,0,28.1,0.0,8.200000000000001,-12.6,1
FP2,27,HUL,12.0,2.0,SOFT,1.0,92.322,40.2,4.852030263919617,inf,0,22.6,33.4,5.188167656934694,5.507353236328757,1.8202484518928692,8,0,15.299999999999992,0.0,18.6,0.0,1
FP2,27,HUL,13.0,2.0,SOFT,2.0,81.431,38.4,4.9344739331306915,inf,0,22.6,33.1,8.07698615860106,6.7347712294688415,0.045520178843443525,13,0,30.199999999999974,0.0,8.9,-1.8,1
FP2,27,HUL,14.0,2.0,SOFT,3.0,123.721,36.599999999999994,5.003946305945459,inf,1,22.5,33.0,0.8694912950636308,3.2896684948803028,3.347881528702281,1,0,0.6999999999999943,0.0,37.300000000000004,-3.6,0
FP2,27,HUL,15.0,2.0,SOFT,4.0,93.896,34.8,5.049856007249537,inf,1,22.5,33.7,7.071647229870576,4.949391717641117,0.007333999115137572,10,0,16.800000000000008,0.0,15.4,-5.4,1
FP2,27,HUL,16.0,2.0,SOFT,5.0,81.868,33.0,5.093750200806762,inf,0,22.5,33.7,9.036167600067113,6.548992974864208,0.00032100325491592077,12,1,32.199999999999996,0.39999999999999714,7.800000000000001,-7.2,1
FP2,27,HUL,17.0,2.0,SOFT,6.0,96.839,31.2,5.153291594497779,inf,1,22.5,33.7,5.209936328871793,3.394267653813627,5.7461732182709994e-05,4,0,21.10000000000001,0.0,21.900000000000002,-9.0,1
FP2,27,HUL,18.0,2.0,SOFT,7.0,81.351,29.4,5.181783550292085,inf,0,22.0,33.7,9.1570795820953,6.399988152134239,0.026683816004071,17,0,30.30000000000001,0.0,8.5,-10.8,1
FP2,27,HUL,21.0,3.0,MEDIUM,1.0,85.323,24.0,5.3471075307174685,inf,0,22.3,34.7,8.867323533761635,5.562221132980184,0.07915943455519936,14,0,30.1,0.0,13.3,0.0,1
FP2,27,HUL,22.0,3.0,MEDIUM,2.0,84.757,22.199999999999996,5.37989735354046,inf,0,22.3,34.3,9.065453674551453,5.783099981293738,0.06530536670418888,14,0,31.700000000000003,0.0,11.200000000000001,-1.8,1
FP2,27,HUL,23.0,3.0,MEDIUM,3.0,84.679,20.4,5.429345628954441,inf,0,22.4,34.7,8.94994276471998,6.13868609836459,0.2744133479617874,13,0,31.40000000000002,0.0,11.100000000000001,-3.6,1
FP2,27,HUL,24.0,3.0,MEDIUM,4.0,86.522,18.6,5.484796933490655,inf,0,22.3,34.7,7.8001782083657005,7.244387767655898,1.8269562069979939,18,0,28.400000000000023,0.0,13.700000000000001,-5.4,1
FP2,27,HUL,25.0,3.0,MEDIUM,5.0,85.525,16.799999999999997,5.537334267018537,inf,0,22.4,34.8,8.969607420411965,5.807178391269153,0.022947390420759026,16,0,31.299999999999986,0.0,10.600000000000001,-7.2,1
FP2,27,HUL,26.0,3.0,MEDIUM,6.0,85.376,15.0,5.5909869805108565,inf,0,22.5,35.3,9.19866068430724,6.171459178744707,0.15075205721114024,13,1,28.70000000000001,1.6,13.100000000000001,-9.0,1
FP2,27,HUL,27.0,3.0,MEDIUM,7.0,85.221,13.199999999999996,5.648974238161206,inf,0,22.5,35.1,8.763681180359441,5.905073832848936,0.10761588289422991,16,0,32.20000000000002,0.0,11.600000000000001,-10.8,1
FP2,27,HUL,28.0,3.0,MEDIUM,8.0,86.671,11.399999999999999,5.703782474656201,inf,1,22.5,34.9,8.062357319625708,5.593640081237595,0.16084497412205145,10,0,28.50000000000002,0.0,15.200000000000001,-12.6,1
FP2,27,HUL,31.0,4.0,SOFT,1.0,85.791,6.0,5.814130531825066,inf,0,22.5,36.0,7.879420098038409,6.320945107538081,1.0756062107917683,17,0,31.30000000000002,0.0,14.600000000000001,0.0,1
FP2,27,HUL,32.0,4.0,SOFT,2.0,85.15,4.199999999999996,5.849324779946859,inf,0,22.5,35.4,8.680363452995781,6.214578345342877,0.000509096995925131,14,0,38.199999999999996,0.0,12.600000000000001,-1.8,1
FP2,3,VER,2.0,1.0,MEDIUM,1.0,82.21,58.2,4.976733742420574,inf,0,22.5,33.0,6.720655547410017,3.1427063698081947,0.01705527920404931,18,0,38.79999999999999,0.0,12.5,0.0,1
FP2,3,VER,3.0,1.0,MEDIUM,2.0,121.533,56.4,5.056245805348308,inf,1,22.5,33.7,0.3813373119304889,2.3993131597990756,3.6674999999999986,0,0,0.0,0.0,36.6,-1.8,0
FP2,3,VER,4.0,1.0,MEDIUM,3.0,81.08,54.6,5.10594547390058,inf,0,22.5,33.7,6.443556506397373,3.2283601857598416,0.3374780058652895,16,1,30.700000000000014,0.5000000000000003,11.200000000000001,-3.6,1
FP2,3,VER,7.0,2.0,SOFT,1.0,80.366,49.2,5.225746673713202,inf,0,22.6,33.7,6.423448558395831,3.0985301376319496,0.11428747906963342,15,0,27.9,0.0,10.700000000000001,0.0,1
FP2,3,VER,10.0,3.0,MEDIUM,1.0,84.588,43.8,5.472270673671475,inf,0,22.3,34.7,6.194492509787882,2.646877275193857,0.027052837550856516,17,0,31.80000000000004,0.0,14.100000000000001,0.0,1
FP2,3,VER,12.0,3.0,MEDIUM,3.0,84.918,40.2,5.579729825986222,inf,0,22.5,35.3,6.614380329865986,3.0680074485958473,0.1715781681384331,17,0,30.80000000000003,0.0,12.9,-3.6,1
FP2,30,LAW,2.0,1.0,MEDIUM,1.0,82.637,58.2,2.772588722239781,inf,0,22.5,31.6,5.688721308833038,2.6409879954540587,0.8472527100940608,15,0,29.59999999999999,0.0,12.4,0.0,1
FP2,30,LAW,3.0,1.0,MEDIUM,2.0,142.902,56.4,3.58351893845611,inf,1,22.4,31.8,0.7404803483553335,1.2554885542765994,3.509999999999998,0,0,0.0,0.0,31.3,-1.8,0
FP2,30,LAW,4.0,1.0,MEDIUM,3.0,82.019,54.6,3.8501476017100584,inf,0,22.5,31.6,5.890386519234684,2.508229798229161,0.49891487061960305,17,1,33.39999999999999,0.3000000000000028,11.100000000000001,-3.6,1
FP2,30,LAW,5.0,1.0,MEDIUM,4.0,119.837,52.8,4.1588830833596715,inf,1,22.6,31.5,0.844364035655687,1.5189307647867478,3.499947774175711,4,0,2.0000000000000115,0.0,30.200000000000003,-5.4,0
FP2,30,LAW,6.0,1.0,MEDIUM,5.0,114.039,51.0,4.356708826689592,inf,1,22.7,32.2,1.33,1.701465936007656,3.492499999999998,4,0,4.9,0.0,25.700000000000003,-7.2,0
FP2,30,LAW,7.0,1.0,MEDIUM,6.0,82.028,49.2,4.51085950651685,inf,0,22.9,32.2,6.324486479435938,2.5640295829088537,0.1224292932154752,14,1,36.19999999999998,0.5000000000000057,10.200000000000001,-9.0,1
FP2,30,LAW,10.0,2.0,SOFT,1.0,81.358,43.8,4.836281906951478,inf,0,22.7,33.0,6.123678250624231,2.4829122423275685,0.16301905982684686,13,1,33.400000000000006,0.7000000000000005,9.600000000000001,0.0,1
FP2,30,LAW,11.0,2.0,SOFT,2.0,118.975,42.0,4.912654885736052,inf,1,22.6,33.2,0.0922763986013859,0.9395763434618907,3.942723601398614,0,0,0.0,0.0,32.1,-1.8,0
FP2,30,LAW,12.0,2.0,SOFT,3.0,117.045,40.2,4.990432586778736,inf,1,22.5,33.0,0.525,1.7040140142026687,3.474999999999998,0,0,0.0,0.0,24.3,-3.6,0
FP2,30,LAW,13.0,2.0,SOFT,4.0,82.54,38.4,5.0369526024136295,inf,0,22.5,33.7,6.129302798643138,2.263299384749782,0.13399658610663373,12,1,31.899999999999984,5.500000000000002,10.9,-5.4,1
FP2,30,LAW,17.0,4.0,MEDIUM,1.0,85.756,31.2,5.3706380281276624,inf,0,22.3,34.3,6.325047263454578,2.337476402927726,0.001998939406130454,10,0,28.499999999999996,0.0,14.600000000000001,0.0,1
FP2,30,LAW,18.0,4.0,MEDIUM,2.0,85.803,29.4,5.420534999272286,inf,0,22.4,34.7,6.039488840267466,2.260874373455766,0.006767837346845392,17,0,30.10000000000001,0.0,13.9,-1.8,1
FP2,30,LAW,19.0,4.0,MEDIUM,3.0,86.033,27.6,5.480638923341991,inf,0,22.3,34.7,6.071392487176143,2.35867307110668,0.050181129334810934,14,0,28.300000000000008,0.0,14.4,-3.6,1
FP2,30,LAW,20.0,4.0,MEDIUM,4.0,85.51,25.799999999999997,5.53338948872752,inf,0,22.3,34.9,6.02235340229152,2.418749825546268,0.12986318296022684,12,1,26.7,0.9999999999999986,13.9,-5.4,1
FP2,30,LAW,21.0,4.0,MEDIUM,5.0,85.73,24.0,5.58724865840025,inf,0,22.5,35.3,5.795325903704827,2.413270985299695,0.22398556875821607,12,1,27.50000000000001,0.9000000000000042,15.600000000000001,-7.2,1
FP2,30,LAW,22.0,4.0,MEDIUM,6.0,86.46,22.199999999999996,5.641907070938114,inf,0,22.4,35.0,5.729598953749966,2.624626988373842,0.4757894131168662,16,0,29.60000000000001,0.0,14.0,-9.0,1
FP2,30,LAW,23.0,4.0,MEDIUM,7.0,86.062,20.4,5.6937321388027,inf,0,22.5,34.9,5.839752760521252,2.353794848766133,0.06257256124495422,13,0,29.900000000000002,0.0,13.200000000000001,-10.8,1
FP2,30,LAW,24.0,4.0,MEDIUM,8.0,108.891,18.6,5.733341276897746,inf,1,21.9,34.9,2.3330790179983225,2.3066044451173005,2.984999999999996,7,0,10.200000000000012,0.0,20.900000000000002,-12.6,0
FP2,30,LAW,25.0,4.0,MEDIUM,9.0,85.981,16.799999999999997,5.768320995793772,inf,0,22.5,35.6,5.8107422408356575,2.38707289670294,0.00152496437435616,15,0,31.1,0.0,13.700000000000001,-14.4,1
FP2,30,LAW,26.0,4.0,MEDIUM,10.0,85.604,15.0,5.802118375377063,inf,0,22.3,35.6,6.082700786255258,2.287823429978914,0.10208534945488541,18,0,28.699999999999996,0.0,14.100000000000001,-16.2,1
FP2,30,LAW,27.0,4.0,MEDIUM,11.0,85.424,13.199999999999996,5.83773044716594,inf,0,22.5,35.4,5.731188620673982,2.45466641701923,0.24033360481961163,14,1,26.59999999999999,0.9999999999999986,15.0,-18.0,1
FP2,31,OCO,2.0,1.0,HARD,1.0,85.13,58.2,1.6094379124341003,inf,0,22.4,31.7,7.7394706486536,4.085711762397932,0.13219812633135283,17,0,29.9,0.0,11.600000000000001,0.0,1
FP2,31,OCO,3.0,1.0,HARD,2.0,116.007,56.4,3.1780538303479458,inf,1,22.5,31.6,5.487199150064217,4.216241901946547,0.6252397181822527,5,0,18.699999999999985,0.0,25.900000000000002,-1.8,0
FP2,31,OCO,4.0,1.0,HARD,3.0,84.249,54.6,3.4965075614664802,inf,0,22.4,31.8,7.301357238447912,4.244013836027165,0.012000406087159984,14,0,27.800000000000008,0.0,10.700000000000001,-3.6,1
FP2,31,OCO,5.0,1.0,HARD,4.0,114.655,52.8,3.912023005428146,inf,1,22.5,31.6,2.286339686724574,3.142493196858178,2.3691094516054045,3,0,5.1000000000000085,0.0,26.0,-5.4,0
FP2,31,OCO,6.0,1.0,HARD,5.0,83.225,51.0,4.0943445622221,inf,0,22.6,31.5,7.440554036059617,3.7897587636173378,0.0131214687442387,14,0,27.39999999999999,0.0,11.200000000000001,-7.2,1
FP2,31,OCO,7.0,1.0,HARD,6.0,121.129,49.2,4.31748811353631,inf,1,22.7,32.2,2.194177507048799,2.7137507133533996,2.289286182318466,3,0,6.300000000000005,0.0,21.1,-9.0,0
FP2,31,OCO,8.0,1.0,HARD,7.0,82.597,47.4,4.48863636973214,inf,0,22.7,32.5,7.63434198859116,3.8274921938838378,0.019100273933398134,12,0,32.40000000000002,0.0,10.4,-10.8,1
FP2,31,OCO,9.0,1.0,HARD,8.0,125.145,45.6,4.624972813284271,inf,1,22.9,32.1,2.7405005849102655,3.2627762995316094,2.4912903402470166,4,0,7.899999999999988,0.0,22.5,-12.6,0
FP2,31,OCO,12.0,2.0,SOFT,1.0,81.179,40.2,4.875197323201151,inf,0,22.6,33.2,7.60254727764706,4.357394759318954,0.16245122323844793,14,0,34.99999999999999,0.0,10.700000000000001,0.0,1
FP2,31,OCO,15.0,3.0,SOFT,1.0,81.449,34.8,5.087596335232384,inf,0,22.6,33.6,7.6084488275588855,3.865114533451747,0.11980887531703556,14,0,29.900000000000006,0.0,10.0,0.0,1
FP2,31,OCO,19.0,5.0,HARD,1.0,86.78,27.6,5.4510384535657,inf,0,22.4,34.7,7.9484080259444,3.9498188531806826,0.0014108272362716794,11,0,33.9,0.0,12.600000000000001,0.0,1
FP2,31,OCO,20.0,5.0,HARD,2.0,86.503,25.799999999999997,5.5053315359323625,inf,0,22.3,34.9,7.676013537288616,3.815170980187709,3.9942514086235724e-05,15,1,36.70000000000001,0.39999999999999714,11.9,-1.8,1
FP2,31,OCO,21.0,5.0,HARD,3.0,86.081,24.0,5.556828061699537,inf,0,22.4,34.8,7.44688093991498,3.6653343223823978,0.0010490449853533025,13,0,38.699999999999996,0.0,11.700000000000001,-3.6,1
FP2,31,OCO,22.0,5.0,HARD,4.0,85.601,22.199999999999996,5.616771097666572,inf,0,22.4,35.0,7.286778098826184,3.366571943769225,0.000494658133945383,13,0,33.100000000000044,0.0,11.3,-5.4,1
FP2,31,OCO,23.0,5.0,HARD,5.0,86.591,20.4,5.673323267171493,inf,0,22.5,35.1,7.700887343861127,3.9591905839857153,0.004822909399615375,14,1,27.20000000000002,0.49999999999999856,12.3,-7.2,1
FP2,31,OCO,26.0,6.0,HARD,1.0,86.933,15.0,5.799092654460526,inf,0,22.3,35.6,7.430193349521217,4.495632783931575,0.002687911167706019,13,0,35.7,0.0,11.0,0.0,1
FP2,31,OCO,27.0,6.0,HARD,2.0,84.874,13.199999999999996,5.831882477283517,inf,0,22.5,35.4,7.870238234444188,3.992341462523101,0.008463990189942393,11,1,33.00000000000001,7.499999999999999,10.4,-1.8,1
FP2,41,LIN,2.0,1.0,MEDIUM,1.0,101.026,58.2,2.0794415416798357,inf,1,22.5,32.0,3.4251247114834795,5.423304890522793,2.888335688173846,8,0,9.000000000000002,0.0,21.400000000000002,0.0,0
FP2,41,LIN,3.0,1.0,MEDIUM,2.0,82.961,56.4,3.2188758248682006,inf,0,22.5,32.1,7.9950960714654205,6.053999785534838,0.6969369090110595,15,0,33.600000000000044,0.0,10.3,-1.8,1
FP2,41,LIN,9.0,5.0,SOFT,1.0,81.838,45.6,4.820281565605037,inf,0,21.9,32.4,8.42548950403472,5.54753058844797,0.022311682886532482,13,0,34.099999999999994,0.0,9.700000000000001,0.0,1
FP2,41,LIN,10.0,5.0,SOFT,2.0,119.227,43.8,4.859812404361672,inf,1,22.6,33.4,0.6797563796998539,3.5881375889872,3.426710555259934,1,0,0.3000000000000028,0.0,22.3,-1.8,0
FP2,41,LIN,11.0,5.0,SOFT,3.0,81.111,42.0,4.948759890378168,inf,0,22.6,33.1,8.30683367302283,5.286360972018787,0.017701345487828705,15,0,36.899999999999984,0.0,9.600000000000001,-3.6,1
FP2,41,LIN,12.0,5.0,SOFT,4.0,130.827,40.2,5.0106352940962555,inf,1,22.5,33.4,0.5016282641475573,2.3008053482271276,3.498371735852442,1,0,0.6999999999999943,0.0,26.700000000000003,-5.4,0
FP2,41,LIN,13.0,5.0,SOFT,5.0,108.941,38.4,5.075173815233827,inf,1,22.6,33.6,3.9365344091136056,3.485025567351138,1.2291010170896808,2,0,12.2,0.0,19.0,-7.2,0
FP2,41,LIN,14.0,5.0,SOFT,6.0,80.922,36.599999999999994,5.14166355650266,inf,0,22.5,33.7,8.518590369588281,5.269665075052552,0.029643314642455284,12,0,36.29999999999998,0.0,9.3,-9.0,1
FP2,41,LIN,17.0,6.0,SOFT,1.0,86.801,31.2,5.327876168789581,inf,0,21.9,34.5,8.566923587142345,5.087780314895873,0.09850603640866255,15,0,31.000000000000004,0.0,15.100000000000001,0.0,1
FP2,41,LIN,18.0,6.0,SOFT,2.0,86.097,29.4,5.3612921657094255,inf,0,22.3,34.3,8.310492361903915,5.384407110673676,0.12914913360615163,12,1,25.400000000000027,0.7000000000000014,14.600000000000001,-1.8,1
FP2,41,LIN,19.0,6.0,SOFT,3.0,85.664,27.6,5.3981627015177525,inf,0,22.4,34.2,7.899023063684348,5.485899947825237,0.660650979179075,12,0,28.90000000000001,0.0,13.600000000000001,-3.6,1
FP2,41,LIN,20.0,6.0,SOFT,4.0,86.079,25.799999999999997,5.455321115357702,inf,0,22.4,34.7,8.021525684935852,6.056845520324925,0.5764179093697845,16,1,29.199999999999992,0.49999999999999856,15.200000000000001,-5.4,1
FP2,41,LIN,21.0,6.0,SOFT,5.0,85.975,24.0,5.517452896464707,inf,0,22.3,34.9,7.930015599896332,5.760101099402619,0.47142184343649945,14,1,32.6,1.1,15.8,-7.2,1
FP2,41,LIN,22.0,6.0,SOFT,6.0,86.205,22.199999999999996,5.564520407322694,inf,0,22.4,34.8,8.183297036207836,5.7572876453150315,0.09699976942765849,18,0,33.8,0.0,15.5,-9.0,1
FP2,41,LIN,23.0,6.0,SOFT,7.0,85.518,20.4,5.627621113690637,inf,0,22.4,35.0,8.070574820990709,6.285736829587291,0.20407703601879235,15,0,30.200000000000014,0.0,13.100000000000001,-10.8,1
FP2,41,LIN,24.0,6.0,SOFT,8.0,86.056,18.6,5.680172609017068,inf,0,22.5,35.1,7.90783200368449,6.0666269070534895,0.6303237217197596,14,0,26.099999999999994,0.0,15.200000000000001,-12.6,1
FP2,41,LIN,25.0,6.0,SOFT,9.0,110.072,16.799999999999997,5.723585101952381,inf,1,21.9,34.9,3.8810344801028376,4.95935211954644,1.3799224486500516,6,0,17.600000000000005,0.0,28.900000000000002,-14.4,0
FP2,41,LIN,26.0,6.0,SOFT,10.0,87.943,15.0,5.75890177387728,inf,1,22.4,36.0,8.089865363248315,4.528991887097849,0.013817584132562474,11,0,33.199999999999996,0.0,15.600000000000001,-16.2,1
FP2,41,LIN,27.0,6.0,SOFT,11.0,85.742,13.199999999999996,5.793013608384144,inf,0,22.3,35.6,8.158762198134616,5.671735411263489,0.06128232049609681,13,1,32.800000000000004,0.3000000000000028,13.9,-18.0,1
FP2,41,LIN,28.0,6.0,SOFT,12.0,85.619,11.399999999999999,5.82600010738045,inf,0,22.5,36.0,8.280282101338122,5.499350957167832,0.03893766365952314,13,0,32.00000000000001,0.0,13.0,-19.8,1
FP2,41,LIN,29.0,6.0,SOFT,13.0,126.679,9.600000000000001,5.860786223465865,inf,1,22.4,35.7,2.84472038258514,2.8319664059375502,1.7045642657106574,7,0,5.999999999999997,0.0,40.0,-21.6,0
FP2,43,COL,2.0,1.0,MEDIUM,1.0,120.516,58.2,2.3978952727983707,inf,1,22.5,32.0,6.069695627040673,3.5668849770249578,0.10264371185800328,10,0,21.999999999999996,0.0,23.3,0.0,0
FP2,43,COL,3.0,1.0,MEDIUM,2.0,83.976,56.4,3.332204510175204,inf,0,22.5,32.1,7.280635929610121,4.908747786113491,0.8986802609596091,12,0,36.10000000000002,0.0,12.3,-1.8,1
FP2,43,COL,4.0,1.0,MEDIUM,3.0,131.562,54.6,3.7612001156935624,inf,1,22.5,31.6,0.6374840931785959,3.017062154845583,3.5537611347749802,1,0,0.39999999999999714,0.0,33.7,-3.6,0
FP2,43,COL,5.0,1.0,MEDIUM,4.0,83.199,52.8,4.04305126783455,inf,0,22.5,31.6,7.785476048013948,5.119467870981477,0.5136624345294362,9,1,23.800000000000004,14.999999999999998,10.100000000000001,-5.4,1
FP2,43,COL,6.0,1.0,MEDIUM,5.0,133.372,51.0,4.276666119016055,inf,1,22.6,31.9,1.5724607631738696,3.2574867097144686,3.1500212090952004,3,0,3.7000000000000055,0.0,27.700000000000003,-7.2,0
FP2,43,COL,7.0,1.0,MEDIUM,6.0,83.139,49.2,4.430816798843313,inf,0,22.7,32.5,7.530530615854538,5.049158308915646,0.6689380443589326,13,0,38.99999999999999,0.0,10.600000000000001,-9.0,1
FP2,43,COL,8.0,1.0,MEDIUM,7.0,138.774,47.4,4.605170185988092,inf,1,22.9,32.1,0.9137272002226541,3.2432422980468685,3.4900127254571203,1,0,1.300000000000003,0.0,29.0,-10.8,0
FP2,43,COL,9.0,1.0,MEDIUM,8.0,83.617,45.6,4.709530201312334,inf,0,22.6,31.8,7.672407304949656,5.084285337051053,0.6354271262854589,9,1,37.79999999999999,1.0000000000000058,10.8,-12.6,1
FP2,43,COL,13.0,2.0,SOFT,1.0,82.779,38.4,5.147494476813453,inf,0,22.5,33.7,8.12272137858261,4.635205139521275,0.02752132284681207,18,1,30.49999999999999,0.39999999999999714,9.3,0.0,1
FP2,43,COL,15.0,2.0,SOFT,3.0,82.619,34.8,5.231108616854587,inf,0,22.5,33.8,8.014319517675197,4.747037436394649,0.09964779722739876,12,0,37.399999999999984,0.0,8.3,-3.6,1
FP2,43,COL,18.0,3.0,MEDIUM,1.0,85.772,29.4,5.5134287461649825,inf,0,22.3,34.9,8.095470868785977,4.336275790091145,0.02919336244064358,13,0,32.80000000000001,0.0,12.600000000000001,0.0,1
FP2,43,COL,20.0,3.0,MEDIUM,3.0,85.609,25.799999999999997,5.6240175061873385,inf,0,22.4,35.0,8.09592329720492,4.548348974863572,0.06480043672532394,17,0,31.999999999999993,0.0,12.3,-3.6,1
FP2,43,COL,21.0,3.0,MEDIUM,4.0,85.941,24.0,5.676753802268282,inf,0,22.5,35.1,7.836362519429912,5.0966101869791745,0.5137752894131528,17,0,30.50000000000001,0.0,13.200000000000001,-5.4,1
FP2,43,COL,22.0,3.0,MEDIUM,5.0,110.164,22.199999999999996,5.720311776607412,inf,1,21.9,34.9,5.010870442402759,3.8577603858855634,1.7908041627406885,10,1,19.6,0.49999999999999856,24.700000000000003,-7.2,0
FP2,43,COL,23.0,3.0,MEDIUM,6.0,86.098,20.4,5.755742213586912,inf,0,22.4,36.0,8.101138582255132,4.699191744911769,0.038256056845491195,13,0,30.29999999999999,0.0,12.600000000000001,-9.0,1
FP2,43,COL,24.0,3.0,MEDIUM,7.0,85.943,18.6,5.7899601708972535,inf,0,22.3,35.6,8.095406990441079,4.628237715483463,0.04684144421278536,15,0,29.000000000000007,0.0,11.600000000000001,-10.8,1
FP2,43,COL,25.0,3.0,MEDIUM,8.0,85.462,16.799999999999997,5.823045895483019,inf,0,22.5,36.0,7.79530095947798,4.912930315618316,0.4782956421874277,18,0,30.900000000000016,0.0,10.700000000000001,-12.6,1
FP2,43,COL,26.0,3.0,MEDIUM,9.0,136.656,15.0,5.863631175598097,inf,1,22.4,35.7,4.389655419557929,3.481697664735746,1.6354363433063528,10,0,15.900000000000002,0.0,38.800000000000004,-14.4,0
FP2,44,HAM,2.0,1.0,HARD,1.0,81.506,58.2,0.6931471805599453,inf,0,22.4,31.7,8.685249926118598,6.045957291832515,0.20267621847873052,17,1,27.19999999999999,7.499999999999998,8.8,0.0,1
FP2,44,HAM,3.0,1.0,HARD,2.0,132.383,56.4,2.833213344056216,inf,1,22.5,32.0,0.7759510070095399,4.72323088182985,3.2240489929904625,1,0,0.30000000000001703,0.0,28.6,-1.8,0
FP2,44,HAM,4.0,1.0,HARD,3.0,92.636,54.6,3.4339872044851463,inf,0,22.5,32.1,4.516076455102526,5.474173231952131,2.482054104173096,8,0,8.899999999999991,0.0,11.4,-3.6,1
FP2,44,HAM,5.0,1.0,HARD,4.0,80.903,52.8,3.6888794541139363,inf,0,22.5,31.6,8.598199414070722,5.782133095888019,0.010785008744012219,16,0,33.900000000000006,0.0,8.1,-5.4,1
FP2,44,HAM,6.0,1.0,HARD,5.0,121.298,51.0,4.060443010546419,inf,1,22.5,31.6,1.968048350266871,3.6705456931279135,2.925470991138057,4,0,1.9,0.0,29.1,-7.2,0
FP2,44,HAM,7.0,1.0,HARD,6.0,81.355,49.2,4.219507705176107,inf,0,22.6,31.9,7.736149645049741,5.339376096097893,0.0007386869952304032,12,0,39.100000000000016,0.0,8.6,-9.0,1
FP2,44,HAM,8.0,1.0,HARD,7.0,122.877,47.4,4.454347296253507,inf,1,22.7,32.5,1.5754156808981568,4.384336989418528,3.2005353261113836,2,0,4.299999999999997,0.0,26.0,-10.8,0
FP2,44,HAM,9.0,1.0,HARD,8.0,99.347,45.6,4.574710978503383,inf,1,22.9,32.1,1.9624052799365448,5.747126474378302,3.129994325474155,2,0,3.8000000000000087,0.0,17.1,-12.6,1
FP2,44,HAM,10.0,1.0,HARD,9.0,80.901,43.8,4.672828834461906,inf,0,22.8,32.1,7.984561072992488,5.246015533786683,0.0008669518187505733,15,0,35.8,0.0,8.700000000000001,-14.4,1
FP2,44,HAM,11.0,1.0,HARD,10.0,128.248,42.0,4.7535901911063645,inf,1,22.5,31.9,1.6224430146563107,4.492601961203545,3.2240489929904603,2,0,2.100000000000006,0.0,26.700000000000003,-16.2,0
FP2,44,HAM,12.0,1.0,HARD,11.0,80.637,40.2,4.77912349311153,inf,0,22.6,31.8,8.27012268858707,5.431530216141624,0.007848533008468701,10,0,34.7,0.0,9.1,-18.0,1
FP2,44,HAM,16.0,2.0,SOFT,1.0,80.119,33.0,5.081404364984463,inf,0,22.6,33.6,8.409964720706114,5.228755572335636,0.004819413670514895,13,1,33.90000000000002,3.100000000000001,8.5,0.0,1
FP2,44,HAM,20.0,3.0,SOFT,1.0,80.05,25.799999999999997,5.2574953720277815,inf,0,22.1,33.8,8.695601365163727,5.578315048864833,0.01829192062024708,14,2,31.900000000000002,2.5999999999999996,8.0,0.0,1
FP2,44,HAM,21.0,3.0,SOFT,2.0,128.003,24.0,5.298317366548036,inf,1,22.4,34.2,3.503536364982468,5.02398548074262,1.8837699808830795,5,0,10.600000000000009,0.0,28.5,-1.8,0
FP2,44,HAM,24.0,4.0,HARD,1.0,84.802,18.6,5.605802066295998,inf,0,22.5,35.3,8.8319942996409,5.376760540535576,0.05306451213767282,12,0,32.49999999999999,0.0,13.0,0.0,1
FP2,44,HAM,25.0,4.0,HARD,2.0,84.483,16.799999999999997,5.659482215759621,inf,0,22.5,35.1,8.573501523978962,5.487181167985515,0.0616252633526838,14,0,33.6,0.0,11.100000000000001,-1.8,1
FP2,44,HAM,26.0,4.0,HARD,3.0,94.387,15.0,5.707110264748875,inf,1,22.5,34.9,6.53482666255465,5.991964738260419,0.81311847176994,12,0,27.60000000000001,0.0,15.200000000000001,-3.6,0
FP2,44,HAM,27.0,4.0,HARD,4.0,97.885,13.199999999999996,5.7430031878094825,inf,1,22.4,36.0,4.203345550807355,4.270123352228514,2.278655544441792,7,0,9.400000000000002,0.0,14.0,-5.4,0
FP2,44,HAM,28.0,4.0,HARD,5.0,83.961,11.399999999999999,5.780743515792329,inf,0,22.5,35.6,8.023664936764362,5.580098430601895,0.023140520924134298,10,0,30.099999999999994,0.0,12.200000000000001,-7.2,1
FP2,44,HAM,29.0,4.0,HARD,6.0,84.381,9.600000000000001,5.8111409929767,inf,0,22.5,36.0,8.451103215012726,5.2323366505449584,0.1255373289629418,15,0,27.80000000000001,0.0,11.9,-9.0,1
FP2,44,HAM,30.0,4.0,HARD,7.0,84.432,7.799999999999997,5.84354441703136,inf,0,22.5,35.4,8.549370275196825,5.46897905117549,0.009052850606760114,10,1,31.700000000000014,0.9000000000000042,10.9,-10.8,1
FP2,5,BOR,2.0,1.0,MEDIUM,1.0,96.609,58.2,2.639057329615259,inf,0,22.5,32.0,7.248984510596935,6.760553652578837,1.0334826605857375,16,1,25.400000000000016,0.8000000000000028,15.200000000000001,0.0,1
FP2,5,BOR,3.0,1.0,MEDIUM,2.0,83.007,56.4,3.367295829986474,inf,0,22.5,32.1,9.150790360916606,6.729882155218446,9.286981837540596e-05,15,1,32.400000000000006,0.9000000000000042,9.0,-1.8,1
FP2,5,BOR,4.0,1.0,MEDIUM,3.0,133.666,54.6,3.784189633918261,inf,1,22.5,31.6,2.4613184890628887,4.954160940807926,3.1279658445460576,4,0,3.2000000000000113,0.0,24.3,-3.6,0
FP2,5,BOR,7.0,2.0,MEDIUM,1.0,81.99,49.2,4.442651256490317,inf,0,22.7,32.5,9.114362434329333,6.685263297285243,0.02262871736778906,16,1,34.29999999999999,0.4000000000000007,9.200000000000001,0.0,1
FP2,5,BOR,10.0,3.0,SOFT,1.0,105.317,43.8,4.941642422609304,inf,1,22.6,33.1,7.1431921772158145,7.293670544243934,0.0022008861336175432,8,0,26.3,0.0,21.0,0.0,0
FP2,5,BOR,11.0,3.0,SOFT,2.0,81.668,42.0,4.962844630259907,inf,0,22.5,33.0,8.90069941316347,6.2426343279762015,0.03499161357401725,17,0,30.900000000000013,0.0,7.9,-1.8,1
FP2,5,BOR,13.0,3.0,SOFT,4.0,89.097,38.4,5.1298987149230735,inf,1,22.5,33.7,8.481876277538742,5.811823125804063,1.2202611844560137e-05,14,0,36.20000000000001,0.0,10.3,-5.4,1
FP2,5,BOR,14.0,3.0,SOFT,5.0,81.921,36.599999999999994,5.1647859739235145,inf,0,22.5,33.7,9.398351282865246,6.335732113155867,0.004157183144949535,15,1,31.999999999999986,0.5000000000000021,7.6000000000000005,-7.2,1
FP2,5,BOR,18.0,5.0,MEDIUM,1.0,88.289,29.4,5.459585514144159,inf,1,22.4,34.7,8.488364483416998,7.074243869557802,1.591307975095927,16,0,28.600000000000012,0.0,14.600000000000001,0.0,1
FP2,5,BOR,19.0,5.0,MEDIUM,2.0,86.275,27.6,5.521460917862246,inf,0,22.3,34.9,8.46106046580358,6.562969214075123,0.8548689046977646,16,0,31.30000000000001,0.0,13.600000000000001,-1.8,1
FP2,5,BOR,20.0,5.0,MEDIUM,3.0,85.915,25.799999999999997,5.568344503761097,inf,0,22.4,34.8,8.69837853083239,6.531701699664843,0.7276024885955581,15,0,31.999999999999986,0.0,12.4,-3.6,1
FP2,5,BOR,21.0,5.0,MEDIUM,4.0,85.397,24.0,5.631211781821365,inf,0,22.4,35.0,8.38017197535985,6.4907779725943815,0.7324525121952097,15,0,33.70000000000003,0.0,12.3,-5.4,1
FP2,5,BOR,22.0,5.0,MEDIUM,5.0,85.884,22.199999999999996,5.683579767338681,inf,0,22.5,35.1,8.73741575899144,7.0079592239908965,0.9117030300500177,17,1,34.70000000000002,0.5000000000000057,13.4,-7.2,1
FP2,5,BOR,23.0,5.0,MEDIUM,6.0,110.402,20.4,5.726847747587197,inf,1,21.9,34.9,5.212950111852865,4.640327676859439,0.861391942296704,11,0,18.400000000000006,0.0,28.3,-9.0,0
FP2,5,BOR,24.0,5.0,MEDIUM,7.0,91.203,18.6,5.762051382780177,inf,1,22.4,36.0,8.30830323658406,5.701787846214509,0.48037849497678,11,0,30.500000000000018,0.0,16.2,-10.8,1
FP2,55,SAI,2.0,1.0,MEDIUM,1.0,93.504,58.2,3.091042453358316,inf,0,22.5,31.6,8.060356682847905,5.0206907518449855,0.00010385217301091574,8,0,28.2,0.0,15.0,0.0,1
FP2,55,SAI,5.0,2.0,MEDIUM,1.0,82.552,52.8,4.110873864173311,inf,0,22.6,31.5,8.002119185844343,5.283394987683132,0.39463645137120357,11,0,33.000000000000014,0.0,10.700000000000001,0.0,1
FP2,55,SAI,6.0,2.0,MEDIUM,2.0,122.25,51.0,4.330733340286331,inf,1,22.7,32.2,0.8517392431528672,2.740560460174618,3.1482607568471366,1,0,0.6,0.0,27.400000000000002,-1.8,0
FP2,55,SAI,7.0,2.0,MEDIUM,3.0,82.253,49.2,4.499809670330265,inf,0,22.9,32.2,8.350082798298137,5.048307045669166,0.14846526477442615,14,1,31.799999999999997,1.4000000000000044,11.600000000000001,-3.6,1
FP2,55,SAI,8.0,2.0,MEDIUM,4.0,116.963,47.4,4.634728988229636,inf,1,22.9,32.1,2.5078988826167756,3.6133863911577313,2.4148186307988375,3,0,5.000000000000003,0.0,22.6,-5.4,0
FP2,55,SAI,9.0,2.0,MEDIUM,5.0,92.37,45.6,4.736198448394496,inf,0,22.6,31.8,5.603621111002843,4.64569051329902,0.00023108210183199585,8,0,21.000000000000004,0.0,16.6,-7.2,1
FP2,6,HAD,2.0,1.0,MEDIUM,1.0,82.211,58.2,2.4849066497880004,inf,0,22.5,32.0,7.591419245468538,3.655819103371731,1.81541587821182e-05,16,0,32.5,0.0,10.700000000000001,0.0,1
FP2,6,HAD,4.0,1.0,MEDIUM,3.0,81.702,54.6,3.8918202981106265,inf,0,22.5,31.6,7.432108503307955,3.650031927966877,1.5168967317715737e-07,17,0,35.600000000000016,0.0,9.4,-3.6,1
FP2,6,HAD,5.0,1.0,MEDIUM,4.0,145.454,52.8,4.189654742026425,inf,1,22.6,31.5,0.0,1.4708728396359059,4.0,0,0,0.0,0.0,36.0,-5.4,0
FP2,6,HAD,6.0,1.0,MEDIUM,5.0,116.055,51.0,4.406719247264253,inf,1,22.7,32.5,2.0650000000000004,2.866315241854392,3.0899999999999963,4,0,3.3000000000000056,0.0,23.900000000000002,-7.2,0
FP2,6,HAD,7.0,1.0,MEDIUM,6.0,120.164,49.2,4.584967478670572,inf,1,22.9,32.1,5.394793211068831,2.8147170792610563,1.3998773573197334,10,1,9.900000000000007,0.7000000000000005,32.0,-9.0,0
FP2,6,HAD,8.0,1.0,MEDIUM,7.0,81.579,47.4,4.6913478822291435,inf,0,22.8,32.1,7.424830999809507,3.4733612563426535,1.9660738254696475e-06,19,0,31.099999999999984,0.0,9.700000000000001,-10.8,1
FP2,6,HAD,11.0,2.0,SOFT,1.0,80.941,42.0,5.017279836814924,inf,0,22.5,33.4,7.545361007541532,3.6104189452320106,6.380821534257838e-07,19,0,32.80000000000002,0.0,9.9,0.0,1
FP2,6,HAD,12.0,2.0,SOFT,2.0,146.054,40.2,5.099866427824199,inf,1,22.6,33.6,0.08561842775647624,1.7159956186814092,3.914381572243524,1,0,0.5000000000000001,0.0,39.300000000000004,-1.8,0
FP2,6,HAD,13.0,2.0,SOFT,3.0,109.13,38.4,5.159055299214529,inf,1,22.5,33.7,2.0300000000000002,1.8662917643653463,3.0769096764454145,1,0,1.1,0.0,21.8,-3.6,0
FP2,6,HAD,14.0,2.0,SOFT,4.0,80.95,36.599999999999994,5.187385805840755,inf,0,22.3,33.7,7.263058869435862,3.527904578038423,1.7638980937536428e-06,20,0,28.89999999999997,0.0,9.9,-5.4,1
FP2,6,HAD,17.0,3.0,MEDIUM,1.0,84.386,31.2,5.407171771460119,inf,0,22.4,34.2,6.574994975943489,3.290713219320952,3.8790842755631917e-07,14,0,27.69999999999999,0.0,12.600000000000001,0.0,1
FP2,6,HAD,18.0,3.0,MEDIUM,2.0,84.68,29.4,5.4680601411351315,inf,0,22.3,34.7,7.017801045478246,3.3625075530866972,4.2977365087184023e-07,15,0,30.499999999999993,0.0,11.8,-1.8,1
FP2,6,HAD,19.0,3.0,MEDIUM,3.0,93.426,27.6,5.5254529391317835,inf,1,22.3,34.9,7.5599188227860985,3.950196816722329,0.3002982611696966,9,0,16.200000000000003,0.0,20.0,-3.6,0
FP2,6,HAD,20.0,3.0,MEDIUM,4.0,84.046,25.799999999999997,5.575949103146316,inf,0,22.5,35.3,6.7142684350158754,3.602663710139688,4.1128814329470776e-07,15,0,28.299999999999997,0.0,9.600000000000001,-5.4,1
FP2,6,HAD,21.0,3.0,MEDIUM,5.0,84.313,24.0,5.634789603169249,inf,0,22.4,35.0,7.316169195374344,3.4384669386650355,3.297950598467099e-07,16,0,33.4,0.0,10.3,-7.2,1
FP2,6,HAD,22.0,3.0,MEDIUM,6.0,92.501,22.199999999999996,5.69035945432406,inf,1,22.5,35.1,6.8846734673553645,3.5813239552612037,3.52562618918739e-07,15,0,30.0,0.0,13.9,-9.0,1
FP2,6,HAD,23.0,3.0,MEDIUM,7.0,114.152,20.4,5.730099782973575,inf,1,21.9,34.9,6.548178596314967,2.791771549109884,0.24359295279490903,8,0,11.89999999999998,0.0,27.8,-10.8,0
FP2,6,HAD,24.0,3.0,MEDIUM,8.0,85.909,18.6,5.765191102784844,inf,0,22.5,35.6,7.723496171292577,4.1458562529412735,5.341747569026124e-06,17,0,33.899999999999984,0.0,13.700000000000001,-12.6,1
FP2,6,HAD,25.0,3.0,MEDIUM,9.0,85.188,16.799999999999997,5.796057750765372,inf,0,22.3,35.6,7.24200989637168,3.8760836730169705,1.949154125245812e-07,14,0,33.4,0.0,12.200000000000001,-14.4,1
FP2,6,HAD,26.0,3.0,MEDIUM,10.0,84.617,15.0,5.8289456176102075,inf,0,22.5,35.4,7.223261544732224,3.4039693122554184,1.3035305054781998e-08,13,0,31.800000000000008,0.0,9.700000000000001,-16.2,1
FP2,63,RUS,2.0,1.0,HARD,1.0,81.3,58.2,2.8903717578961645,inf,0,22.5,31.6,7.248045097037963,3.5807907203088467,0.04813289543831904,17,0,33.80000000000003,0.0,9.700000000000001,0.0,1
FP2,63,RUS,3.0,1.0,HARD,2.0,118.585,56.4,3.5263605246161616,inf,1,22.5,32.1,1.2816250873826043,2.875874889559712,3.2652310236010744,1,0,3.300000000000003,0.0,27.5,-1.8,0
FP2,63,RUS,4.0,1.0,HARD,3.0,80.984,54.6,3.8066624897703196,inf,0,22.5,31.6,6.924069408260227,3.3175785392326116,0.10011386850281342,14,1,33.600000000000016,3.400000000000001,10.200000000000001,-3.6,1
FP2,63,RUS,7.0,2.0,SOFT,1.0,80.049,49.2,4.74493212836325,inf,0,22.5,31.9,7.1490396262340585,3.5754106741533773,0.1457976189101672,17,1,34.400000000000006,1.4000000000000008,9.0,0.0,1
FP2,63,RUS,8.0,2.0,SOFT,2.0,146.994,47.4,4.795790545596741,inf,1,22.6,31.8,0.4922402769775728,2.401740238460066,3.522257049931928,0,0,0.0,0.0,33.800000000000004,-1.8,0
FP2,63,RUS,11.0,3.0,SOFT,1.0,100.246,42.0,4.90527477843843,inf,0,22.6,33.2,3.796525958907321,4.1209637020270735,2.8725266378393504,7,0,16.199999999999985,0.0,18.1,0.0,1
FP2,63,RUS,14.0,4.0,HARD,1.0,84.428,36.599999999999994,5.267858159063328,inf,0,22.4,34.4,7.388324504042115,3.526156318183598,0.13520922856878304,16,0,26.100000000000012,0.0,11.0,0.0,1
FP2,63,RUS,15.0,4.0,HARD,2.0,84.314,34.8,5.288267030694535,inf,0,22.4,34.2,7.285173902929266,3.4542731734477146,0.010980228275494764,17,0,34.40000000000003,0.0,11.5,-1.8,1
FP2,63,RUS,16.0,4.0,HARD,3.0,83.469,33.0,5.303304908059076,inf,0,22.4,34.5,7.159172982168012,3.200383468355102,0.002538016035737511,15,0,33.30000000000002,0.0,10.8,-3.6,1
FP2,63,RUS,17.0,4.0,HARD,4.0,83.298,31.2,5.318119993844216,inf,0,21.9,34.5,6.970843654296241,3.1204503190425417,0.00709806427870896,15,0,27.900000000000023,0.0,9.8,-5.4,1
FP2,63,RUS,18.0,4.0,HARD,5.0,83.461,29.4,5.351858133476067,inf,0,22.3,34.7,7.265730478256372,3.307803570036616,0.010864659742827876,17,0,34.399999999999984,0.0,11.8,-7.2,1
FP2,63,RUS,19.0,4.0,HARD,6.0,83.507,27.6,5.384495062789089,inf,0,22.4,34.2,7.156249339154814,3.454452705686707,0.0028438019448648088,16,0,36.79999999999999,0.0,10.0,-9.0,1
FP2,63,RUS,20.0,4.0,HARD,7.0,83.208,25.799999999999997,5.43372200355424,inf,0,22.4,34.7,7.214206533723158,3.3910969492221015,0.021014255563107723,18,0,35.199999999999996,0.0,11.100000000000001,-10.8,1
FP2,63,RUS,21.0,4.0,HARD,8.0,83.138,24.0,5.493061443340548,inf,0,22.3,34.7,6.85977734096865,3.3203879040043303,0.00809878752911596,15,0,30.19999999999998,0.0,9.8,-12.6,1
FP2,63,RUS,22.0,4.0,HARD,9.0,83.802,22.199999999999996,5.545177444479562,inf,0,22.4,34.8,7.125870703912334,3.4488928581820844,0.025720639235548712,17,0,33.10000000000003,0.0,10.200000000000001,-14.4,1
FP2,63,RUS,23.0,4.0,HARD,10.0,84.4,20.4,5.594711379601839,inf,0,22.5,35.3,7.210472207373651,3.900264665799806,0.2385501755454226,16,0,36.900000000000006,0.0,11.4,-16.2,1
FP2,63,RUS,24.0,4.0,HARD,11.0,83.827,18.6,5.652489180268651,inf,0,22.5,35.1,6.868370348439233,3.7143066029213108,0.021910602631807264,16,0,34.599999999999994,0.0,11.700000000000001,-18.0,1
FP2,63,RUS,27.0,5.0,SOFT,1.0,148.264,13.199999999999996,5.869296913133774,inf,0,22.8,35.9,2.121178698302223,3.9414156721653564,3.2738307158965307,4,0,4.9999999999999964,0.0,46.1,0.0,1
FP2,77,BOT,2.0,1.0,MEDIUM,1.0,85.433,58.2,4.007333185232471,inf,0,22.5,31.6,8.286527556570016,4.706329851256977,4.53743925716674e-06,13,0,32.09999999999999,0.0,10.8,0.0,1
FP2,77,BOT,3.0,1.0,MEDIUM,2.0,115.397,56.4,4.23410650459726,inf,1,22.6,31.9,2.3993709878947205,3.649696984794124,2.933556995936416,3,0,3.6,0.0,28.3,-1.8,1
FP2,77,BOT,4.0,1.0,MEDIUM,3.0,110.894,54.6,4.418840607796598,inf,1,22.7,32.5,6.875525561031883,4.4230627121219905,0.03035261837561173,5,0,14.4,0.0,22.900000000000002,-3.6,1
FP2,77,BOT,5.0,1.0,MEDIUM,4.0,85.249,52.8,4.553876891600541,inf,0,22.9,32.2,8.43583001828264,4.436141744190819,2.633758186484629e-06,13,1,33.5,0.39999999999999714,11.700000000000001,-5.4,1
FP2,77,BOT,6.0,1.0,MEDIUM,5.0,108.898,51.0,4.68213122712422,inf,0,22.8,32.1,1.8463886617516228,3.7013238140903235,2.931038143196422,2,0,2.9999999999999973,0.0,22.8,-7.2,1
FP2,77,BOT,9.0,2.0,SOFT,1.0,83.66,45.6,4.919980925828125,inf,0,22.6,33.2,8.313809658996242,4.6529656020093775,2.0507597582949647e-06,10,0,35.10000000000001,0.0,10.9,0.0,1
FP2,77,BOT,10.0,2.0,SOFT,2.0,121.785,43.8,4.997212273764115,inf,1,22.5,33.0,0.9717835061850647,3.2980538894372735,3.028216493814929,1,0,0.8000000000000028,0.0,27.8,-1.8,0
FP2,77,BOT,11.0,2.0,SOFT,3.0,118.318,42.0,5.0689042022202315,inf,1,22.5,33.7,1.878781445291125,3.0657899640774584,3.1577876279729384,4,0,2.699999999999983,0.0,24.8,-3.6,0
FP2,77,BOT,12.0,2.0,SOFT,4.0,84.015,40.2,5.123963979403259,inf,0,22.5,33.7,8.321754196247609,4.50717379063442,3.897538788415367e-07,10,0,36.70000000000001,0.0,9.600000000000001,-5.4,1
FP2,77,BOT,15.0,3.0,MEDIUM,1.0,87.677,34.8,5.337538079701318,inf,0,22.3,34.7,8.148666442106936,4.148704457852461,3.5492055752547213e-06,16,0,25.399999999999995,0.0,14.0,0.0,1
FP2,77,BOT,16.0,3.0,MEDIUM,2.0,87.886,33.0,5.375278407684165,inf,0,22.3,34.3,7.852637038549302,3.852649486675289,2.5171163742500106e-06,15,0,30.200000000000003,0.0,14.3,-1.8,1
FP2,77,BOT,17.0,3.0,MEDIUM,3.0,88.143,31.2,5.424950017481403,inf,0,22.4,34.7,8.191669060907683,4.191682514557871,3.1443793598462237e-06,14,0,35.50000000000002,0.0,14.8,-3.6,1
FP2,77,BOT,18.0,3.0,MEDIUM,4.0,89.235,29.4,5.488937726156687,inf,0,22.3,34.7,8.841026628255655,4.841091224489455,5.009098177975928e-05,16,0,31.500000000000032,0.0,15.3,-5.4,1
FP2,77,BOT,19.0,3.0,MEDIUM,5.0,87.522,27.6,5.541263545158426,inf,0,22.4,34.8,8.444461695374507,4.524975238303073,2.5523113124374278e-06,17,0,33.10000000000001,0.0,14.3,-7.2,1
FP2,77,BOT,20.0,3.0,MEDIUM,6.0,90.609,25.799999999999997,5.598421958998375,inf,1,22.5,35.3,8.321636294702191,4.613509996001513,1.1273058409627809e-05,18,0,24.19999999999999,0.0,16.0,-9.0,1
FP2,77,BOT,21.0,3.0,MEDIUM,7.0,88.689,24.0,5.655991810819852,inf,0,22.5,35.1,8.511816364414608,4.558847905957381,4.692746302007801e-06,15,0,31.40000000000002,0.0,14.5,-10.8,1
FP2,77,BOT,22.0,3.0,MEDIUM,8.0,98.749,22.199999999999996,5.71042701737487,inf,1,22.5,34.9,7.358671690284618,4.616568916336625,0.00021756919656973497,11,0,23.199999999999996,0.0,20.0,-12.6,0
FP2,77,BOT,23.0,3.0,MEDIUM,9.0,100.822,20.4,5.749392985908253,inf,1,22.4,36.0,5.860752948133557,3.7444340505527265,0.5212942970785359,4,0,8.100000000000017,0.0,22.8,-14.4,0
FP2,77,BOT,24.0,3.0,MEDIUM,10.0,88.253,18.6,5.783825182329737,inf,0,22.5,35.6,7.1404293916705575,4.175463989150746,1.9292155627661077e-07,12,0,29.500000000000007,0.0,13.3,-16.2,1
FP2,77,BOT,25.0,3.0,MEDIUM,11.0,89.192,16.799999999999997,5.820082930352362,inf,0,22.5,36.0,8.641755565728179,4.726056912227039,9.05271500747448e-06,13,0,30.499999999999986,0.0,14.3,-18.0,1
FP2,77,BOT,26.0,3.0,MEDIUM,12.0,90.224,15.0,5.855071922202427,inf,0,22.5,35.4,8.04179167430798,4.804943087395516,9.854810950916978e-06,9,0,32.59999999999999,0.0,20.400000000000002,-19.8,1
FP2,77,BOT,27.0,3.0,MEDIUM,13.0,149.202,13.199999999999996,5.872117789475416,inf,1,22.8,35.9,2.962873111408841,3.236149220786535,2.153611338248365,3,0,5.099999999999986,0.0,51.800000000000004,-21.6,0
FP2,81,PIA,2.0,1.0,HARD,1.0,102.409,58.2,2.302585092994046,inf,1,22.5,32.0,6.186441532153465,3.5152111300492472,0.01815980959972527,5,0,25.400000000000013,0.0,24.1,0.0,0
FP2,81,PIA,3.0,1.0,HARD,2.0,81.673,56.4,3.295836866004329,inf,0,22.5,32.1,6.499204647980967,4.317635039083696,1.051559959492512,13,0,29.70000000000002,0.0,13.0,-1.8,1
FP2,81,PIA,4.0,1.0,HARD,3.0,129.361,54.6,3.7376696182833684,inf,1,22.4,31.8,1.161833465054749,2.3796539374183814,3.3273595728630387,4,0,2.6000000000000028,0.0,38.6,-3.6,0
FP2,81,PIA,5.0,1.0,HARD,4.0,81.076,52.8,4.02535169073515,inf,0,22.5,31.6,7.215037696140399,3.840374934972784,0.09375138049246173,15,0,33.4,0.0,11.9,-5.4,1
FP2,81,PIA,6.0,1.0,HARD,5.0,125.638,51.0,4.2626798770413155,inf,1,22.6,31.9,1.3041884218868995,3.498670977121663,3.32768591875691,3,0,2.3,0.0,33.2,-7.2,0
FP2,81,PIA,7.0,1.0,HARD,6.0,80.638,49.2,4.382026634673881,inf,0,22.7,32.5,7.0941774831871705,3.8712924555283372,0.20486153061946158,13,0,30.900000000000002,0.0,11.8,-9.0,1
FP2,81,PIA,8.0,1.0,HARD,7.0,116.202,47.4,4.564348191467836,inf,1,22.9,32.2,0.6834409965359762,2.814324082526654,3.368125659356188,1,0,0.8000000000000028,0.0,35.1,-10.8,0
FP2,81,PIA,9.0,1.0,HARD,8.0,80.85,45.6,4.663439094112067,inf,0,22.8,32.1,7.217626684308584,3.643922570005941,0.16924580309293333,13,0,32.90000000000003,0.0,11.200000000000001,-12.6,1
FP2,81,PIA,12.0,2.0,SOFT,1.0,79.729,40.2,5.19295685089021,inf,0,22.3,33.7,6.849897121713008,3.7564273790688754,0.055003896605626094,14,1,35.20000000000001,0.3999999999999998,11.0,0.0,1
FP2,81,PIA,15.0,3.0,SOFT,1.0,84.906,34.8,5.442417710521793,inf,0,22.4,34.7,5.617142954195646,3.9056699626242657,1.0633093646060174,12,0,20.90000000000001,0.0,16.900000000000002,0.0,1
FP2,81,PIA,16.0,3.0,SOFT,2.0,85.21,33.0,5.497168225293202,inf,0,22.3,34.9,7.033131000953556,3.8907758393681346,0.5164602018383946,12,0,28.699999999999992,0.0,15.9,-1.8,1
FP2,81,PIA,17.0,3.0,SOFT,3.0,84.594,31.2,5.54907608489522,inf,0,22.4,34.8,7.347492384547824,4.160915485332564,0.4111492163654145,18,0,26.500000000000004,0.0,14.3,-3.6,1
FP2,81,PIA,18.0,3.0,SOFT,4.0,84.648,29.4,5.60947179518496,inf,0,22.5,35.3,5.899716979197601,4.428415101953741,1.5895492299416076,15,0,23.100000000000005,0.0,17.6,-5.4,1
FP2,81,PIA,19.0,3.0,SOFT,5.0,84.884,27.6,5.662960480135946,inf,0,22.5,35.1,5.828177081934879,4.6456367433867785,1.8726808981987948,12,1,25.400000000000038,0.7000000000000014,17.8,-7.2,1
FP2,81,PIA,20.0,3.0,SOFT,6.0,96.569,25.799999999999997,5.713732805509369,inf,1,22.5,34.9,4.234746965468341,4.065820531939918,2.083178116520834,11,0,16.099999999999998,0.0,21.0,-9.0,0
FP2,81,PIA,21.0,3.0,SOFT,7.0,98.09,24.0,5.746203190540153,inf,1,22.4,36.0,3.2824830583656874,3.4579934930458793,2.848212853525562,4,0,11.199999999999996,0.0,20.3,-10.8,0
FP2,81,PIA,24.0,4.0,HARD,1.0,83.927,18.6,5.857933154483459,inf,0,22.4,35.7,7.477630523992778,4.0599375060987075,0.07646087173120805,13,0,30.000000000000025,0.0,14.600000000000001,0.0,1
FP2,87,BEA,2.0,1.0,HARD,1.0,104.593,58.2,1.9459101490553132,inf,1,22.5,32.0,7.734089733216003,6.619419762532722,0.0006148216847585205,10,0,24.900000000000016,0.0,17.7,0.0,0
FP2,87,BEA,3.0,1.0,HARD,2.0,83.86,56.4,3.044522437723423,inf,0,22.5,31.6,8.583412529676519,5.950288253051564,0.3494643597756216,16,0,29.999999999999996,0.0,12.700000000000001,-1.8,1
FP2,87,BEA,4.0,1.0,HARD,3.0,134.022,54.6,3.6375861597263857,inf,1,22.4,31.8,2.280665285537821,4.474433810130442,2.2456420880478243,1,0,6.000000000000005,0.0,34.0,-3.6,0
FP2,87,BEA,5.0,1.0,HARD,4.0,83.738,52.8,3.9318256327243257,inf,0,22.5,31.6,9.14076511614108,6.210844884849305,0.013102616534876326,11,1,31.399999999999977,2.4000000000000044,12.0,-5.4,1
FP2,87,BEA,6.0,1.0,HARD,5.0,122.676,51.0,4.174387269895637,inf,1,22.6,31.5,2.431038820848007,4.299877404128177,2.095268552737638,1,0,5.700000000000008,0.0,22.200000000000003,-7.2,0
FP2,87,BEA,7.0,1.0,HARD,6.0,82.778,49.2,4.343805421853684,inf,0,22.7,32.2,9.02440181080416,5.9869132363443835,0.05628322788449445,10,1,31.600000000000016,0.6,12.200000000000001,-9.0,1
FP2,87,BEA,8.0,1.0,HARD,7.0,127.546,47.4,4.543294782270004,inf,1,22.9,32.2,2.405976564962976,4.093599952289413,2.1453930645077,1,0,4.899999999999997,0.0,22.1,-10.8,0
FP2,87,BEA,9.0,1.0,HARD,8.0,82.607,45.6,4.6443908991413725,inf,0,22.8,32.1,8.61712769743859,5.433630152866251,0.02062151721066821,9,1,33.0,0.7999999999999957,11.100000000000001,-12.6,1
FP2,87,BEA,12.0,2.0,SOFT,1.0,81.326,40.2,4.882801922586371,inf,0,22.6,33.2,8.83771713874166,6.120349372810919,0.0881028681223287,13,0,32.300000000000004,0.0,10.9,0.0,1
FP2,87,BEA,13.0,2.0,SOFT,2.0,144.141,38.4,4.983606621708336,inf,1,22.5,33.0,1.077677003056333,3.509847822290911,2.9223229969436635,0,0,0.0,0.0,23.1,-1.8,0
FP2,87,BEA,14.0,2.0,SOFT,3.0,106.171,36.599999999999994,5.043425116919247,inf,0,22.5,33.7,0.801992188320992,3.958140551456383,3.5488793940694405,1,0,0.4000000000000007,0.0,19.8,-3.6,1
FP2,87,BEA,18.0,4.0,HARD,1.0,86.419,29.4,5.332718793265369,inf,0,22.3,34.7,9.209928330622857,5.859515167568832,0.030497239949797014,12,0,30.900000000000016,0.0,12.9,0.0,1
FP2,87,BEA,19.0,4.0,HARD,2.0,85.957,27.6,5.365976015021851,inf,0,22.3,34.3,8.903449890051148,5.44118996544202,0.005319369181950164,14,0,30.3,0.0,11.8,-1.8,1
FP2,87,BEA,20.0,4.0,HARD,3.0,86.101,25.799999999999997,5.41610040220442,inf,0,22.4,34.7,8.970632452870849,5.512506544797029,0.007561052131763356,11,0,32.300000000000004,0.0,12.4,-3.6,1
FP2,87,BEA,21.0,4.0,HARD,4.0,85.862,24.0,5.476463551931511,inf,0,22.3,34.7,9.064846978066273,5.602795362175094,0.009511473640079204,14,0,30.700000000000003,0.0,12.9,-5.4,1
FP2,87,BEA,22.0,4.0,HARD,5.0,86.486,22.199999999999996,5.529429087511423,inf,0,22.3,34.9,8.8674910790565,5.495547508284062,0.0069235535108984605,19,0,33.20000000000001,0.0,12.4,-7.2,1
FP2,87,BEA,23.0,4.0,HARD,6.0,86.616,20.4,5.583496308781699,inf,0,22.5,35.3,9.073874556965656,5.575609632413769,0.007871817480370451,17,0,29.700000000000006,0.0,12.700000000000001,-9.0,1
FP2,87,BEA,24.0,4.0,HARD,7.0,86.701,18.6,5.638354669333745,inf,0,22.4,35.0,9.202767432260714,5.832039201087081,0.006894078383863349,15,0,32.000000000000014,0.0,13.0,-10.8,1
FP2,87,BEA,25.0,4.0,HARD,8.0,87.954,16.799999999999997,5.697093486505405,inf,1,22.5,34.9,9.584192923003712,6.465994676390249,0.2525143506506449,12,2,25.299999999999997,7.300000000000006,13.8,-12.6,1
FP2,87,BEA,26.0,4.0,HARD,9.0,108.459,15.0,5.736572297479192,inf,1,21.9,34.9,3.99277554400834,4.507778999206627,2.220579832162793,5,0,11.20000000000001,0.0,27.400000000000002,-14.4,0
FP2,87,BEA,27.0,4.0,HARD,10.0,86.0,13.199999999999996,5.771441123130016,inf,0,22.5,35.6,8.811699031559918,6.574556426923479,0.19447948498168705,10,0,28.199999999999985,0.0,14.3,-16.2,1
FP2,87,BEA,28.0,4.0,HARD,11.0,85.907,11.399999999999999,5.805134968916488,inf,0,22.3,35.6,8.802926911156298,6.852726305449887,0.6494381382313887,16,2,32.599999999999994,1.1999999999999973,13.9,-18.0,1
FP2,87,BEA,29.0,4.0,HARD,12.0,85.869,9.600000000000001,5.840641657373398,inf,0,22.5,35.4,8.980859042220949,6.255354089742377,0.19884631810431252,17,1,31.400000000000013,0.6,13.5,-19.8,1
FP2,87,BEA,30.0,4.0,HARD,13.0,130.756,7.799999999999997,5.8664680569332965,inf,1,22.8,35.9,2.015853870526741,4.535680610146754,2.822073973403539,1,0,0.3000000000000028,0.0,42.900000000000006,-21.6,0
