year,event,session,driver,driver_number,team,stint,compound,n_laps,stint_start_lap,stint_end_lap,tyre_age_start,tyre_age_end,pred_wear_s_per_lap,practice_wear_s_per_lap,loeo_wear_s_per_lap,field_wear_s_per_lap,live_wear_s_per_lap,actual_wear_s_per_lap,actual_wear_full_s_per_lap,wear_error,pred_plus_5_s,pred_plus_10_s,pred_plus_15_s,cliff_tyre_lap,recommended_pit_lap,actual_pit_lap,prior_source,notes
2025,Bahrain,R,ALB,23,Williams,1.0,SOFT,14,2.0,15.0,2.0,15.0,0.10076135358084251,-0.00029167238427515985,-0.017255708574231855,0.048542114623775036,0.20519983149497745,0.21500015077415469,0.17749784299839205,-0.11423879719331217,0.5038067679042125,1.007613535808425,1.5114203037126377,9.9,,16.0,live_field_lodo,practice slope negative; no pit call from wear
2025,Bahrain,R,ALB,23,Williams,2.0,HARD,14,18.0,31.0,2.0,15.0,0.11750494091678099,-0.0009179756532241379,0.02266767727297571,0.0851826805213186,0.18214946170770574,0.20633019987095252,0.17703691498680316,-0.08882525895417154,0.5875247045839049,1.1750494091678099,1.7625741137517148,8.5,,32.0,live_field_lodo,practice slope negative; no pit call from wear
2025,Bahrain,R,ALB,23,Williams,3.0,MEDIUM,22,36.0,57.0,4.0,25.0,0.047674004065496454,0.0033381819597486278,0.01277837057141363,0.07151100609824468,-0.06320631877826115,0.23328895233004007,0.09219827445287519,-0.1856149482645436,0.23837002032748228,0.47674004065496456,0.7151100609824468,21.0,,,live_field_lodo,no pit call from wear
2025,Bahrain,R,ALO,14,Aston Martin,1.0,MEDIUM,14,2.0,15.0,2.0,15.0,0.07374390971414652,0.0033381819597486278,0.01277837057141363,0.07145565133179209,0.07832042647885536,0.07221088180819815,0.08829827740136251,0.0015330279059483642,0.3687195485707326,0.7374390971414652,1.1061586457121977,13.6,,16.0,live_field_lodo,no pit call from wear
2025,Bahrain,R,ALO,14,Aston Martin,2.0,MEDIUM,14,18.0,31.0,2.0,15.0,0.11192767554419847,0.0033381819597486278,0.01277837057141363,0.07145565133179209,0.19287172396901123,0.2719924115662025,0.1181782319029852,-0.16006473602200405,0.5596383777209923,1.1192767554419847,1.678915133162977,8.9,,32.0,live_field_lodo,no pit call from wear
2025,Bahrain,R,ALO,14,Aston Martin,3.0,HARD,22,36.0,57.0,4.0,25.0,0.08865131614208009,-0.0009179756532241379,0.02266767727297571,0.08728622138763037,0.09138150565097952,0.10768273533883041,0.05942757603001306,-0.019031419196750318,0.44325658071040047,0.8865131614208009,1.3297697421312014,11.3,,,live_field_lodo,practice slope negative; no pit call from wear
2025,Bahrain,R,ANT,12,Mercedes,1.0,SOFT,10,2.0,11.0,5.0,14.0,0.05202019231421161,-0.00029167238427515985,-0.017255708574231855,0.05202019231421161,,0.2183272775459149,0.2183272775459149,-0.1663070852317033,0.26010096157105805,0.5202019231421161,0.7803028847131741,19.2,,12.0,field_lodo,practice slope negative; no pit call from wear
2025,Bahrain,R,ANT,12,Mercedes,2.0,MEDIUM,13,14.0,26.0,2.0,14.0,0.08430777066512896,0.0033381819597486278,0.01277837057141363,0.07067812078516289,0.11156707042506106,0.19246317294947946,0.12742792474944598,-0.1081554022843505,0.4215388533256448,0.8430777066512896,1.2646165599769343,11.9,,27.0,live_field_lodo,no pit call from wear
2025,Bahrain,R,ANT,12,Mercedes,3.0,SOFT,3,29.0,31.0,5.0,7.0,0.05202019231421161,-0.00029167238427515985,-0.017255708574231855,0.05202019231421161,,,,,0.26010096157105805,0.5202019231421161,0.7803028847131741,19.2,,32.0,field_lodo,practice slope negative; no pit call from wear
2025,Bahrain,R,ANT,12,Mercedes,4.0,SOFT,22,36.0,57.0,7.0,28.0,0.04678566763312123,-0.00029167238427515985,-0.017255708574231855,0.05202019231421161,0.03631661827094048,0.1875206069693668,0.1315287077667806,-0.14073493933624556,0.23392833816560615,0.4678566763312123,0.7017850144968185,21.4,,,live_field_lodo,practice slope negative; no pit call from wear
2025,Bahrain,R,BEA,87,Haas F1 Team,1.0,SOFT,12,2.0,13.0,2.0,13.0,0.06048807693387547,-0.00029167238427515985,-0.017255708574231855,0.050687511655078135,0.08008920749147014,0.1383242812604483,0.1185186249662418,-0.07783620432657282,0.30244038466937734,0.6048807693387547,0.9073211540081321,16.5,,14.0,live_field_lodo,practice slope negative; no pit call from wear
2025,Bahrain,R,BEA,87,Haas F1 Team,2.0,HARD,16,16.0,31.0,2.0,17.0,0.08956413189859616,-0.0009179756532241379,0.02266767727297571,0.08481616638440632,0.09906006292697585,0.1498286993929936,0.14059227031349666,-0.06026456749439743,0.4478206594929808,0.8956413189859616,1.3434619784789423,11.2,,32.0,live_field_lodo,practice slope negative; no pit call from wear
2025,Bahrain,R,BEA,87,Haas F1 Team,3.0,SOFT,22,36.0,57.0,4.0,25.0,0.03379167443671876,-0.00029167238427515985,-0.017255708574231855,0.050687511655078135,-0.04521139590024357,0.19908094314635846,0.1096940016458293,-0.1652892687096397,0.1689583721835938,0.3379167443671876,0.5068751165507814,29.6,,,live_field_lodo,practice slope negative; no pit call from wear
2025,Bahrain,R,BOR,5,Kick Sauber,1.0,MEDIUM,11,2.0,12.0,2.0,12.0,0.07472290657301656,0.0033381819597486278,0.01277837057141363,0.07472290657301656,,0.09358589925333818,0.09358589925333818,-0.018862992680321627,0.3736145328650828,0.7472290657301656,1.1208435985952483,13.4,,13.0,field_lodo,no pit call from wear
2025,Bahrain,R,BOR,5,Kick Sauber,2.0,HARD,17,15.0,31.0,2.0,18.0,0.0738088506855578,-0.0009179756532241379,0.02266767727297571,0.08242916397222029,0.05656822411223281,0.1057632124971718,0.1206323590927668,-0.031954361811614,0.369044253427789,0.738088506855578,1.107132760283367,13.5,,32.0,live_field_lodo,practice slope negative; no pit call from wear
2025,Bahrain,R,BOR,5,Kick Sauber,3.0,MEDIUM,22,36.0,57.0,4.0,25.0,0.06993468811907919,0.0033381819597486278,0.01277837057141363,0.07472290657301656,0.06035825121120446,0.11383327326286573,0.07663212338109562,-0.04389858514378654,0.34967344059539596,0.6993468811907919,1.0490203217861878,14.3,,,live_field_lodo,no pit call from wear
2025,Bahrain,R,DOO,7,Alpine,1.0,SOFT,7,2.0,8.0,2.0,8.0,0.05376923851078387,-0.00029167238427515985,-0.017255708574231855,0.05376923851078387,,,,,0.26884619255391934,0.5376923851078387,0.8065385776617581,18.6,,9.0,field_lodo,practice slope negative; no pit call from wear
2025,Bahrain,R,DOO,7,Alpine,2.0,MEDIUM,17,11.0,27.0,2.0,18.0,0.11540249961864328,0.0033381819597486278,0.01277837057141363,0.07064713993580309,0.20491321898432366,0.15483012201278964,0.16183441468887685,-0.039427622394146364,0.5770124980932164,1.1540249961864328,1.7310374942796491,8.7,,28.0,live_field_lodo,no pit call from wear
2025,Bahrain,R,DOO,7,Alpine,3.0,HARD,24,30.0,57.0,2.0,29.0,0.07084299013611865,-0.0009179756532241379,0.02266767727297571,0.08253686280833446,0.04745524479168701,0.12412287401695497,0.11927454777262628,-0.05327988388083632,0.3542149506805933,0.7084299013611866,1.0626448520417797,14.1,,,live_field_lodo,practice slope negative; no pit call from wear
2025,Bahrain,R,GAS,10,Alpine,1.0,SOFT,8,2.0,9.0,5.0,12.0,0.04906806589725521,-0.00029167238427515985,-0.017255708574231855,0.04906806589725521,,0.3110142907318978,0.3110142907318978,-0.2619462248346426,0.24534032948627604,0.4906806589725521,0.7360209884588281,20.4,,10.0,field_lodo,practice slope negative; no pit call from wear
2025,Bahrain,R,GAS,10,Alpine,2.0,MEDIUM,16,12.0,27.0,2.0,17.0,0.11300502665208385,0.0033381819597486278,0.01277837057141363,0.07221189538187699,0.1945912891924976,0.14347382980608353,0.12707570701518692,-0.030468803153999677,0.5650251332604193,1.1300502665208385,1.6950753997812578,8.8,,28.0,live_field_lodo,no pit call from wear
2025,Bahrain,R,GAS,10,Alpine,3.0,HARD,24,30.0,57.0,2.0,29.0,0.05615109553857707,-0.0009179756532241379,0.02266767727297571,0.0842266433078656,-0.02610569956346062,0.1778648186525954,0.14811239273880508,-0.12171372311401833,0.28075547769288534,0.5615109553857707,0.842266433078656,17.8,,,live_field_lodo,practice slope negative; no pit call from wear
2025,Bahrain,R,HAD,6,Racing Bulls,1.0,SOFT,4,2.0,5.0,2.0,5.0,0.05685893328168893,-0.00029167238427515985,-0.017255708574231855,0.05685893328168893,,,,,0.28429466640844464,0.5685893328168893,0.852883999225334,17.6,,6.0,field_lodo,practice slope negative; no pit call from wear
2025,Bahrain,R,HAD,6,Racing Bulls,2.0,MEDIUM,20,8.0,27.0,2.0,21.0,0.10344955239410256,0.0033381819597486278,0.01277837057141363,0.0688060083355856,0.17273664051113646,0.09838575512319264,0.12204514211144481,0.005063797270909914,0.5172477619705128,1.0344955239410256,1.5517432859115383,9.7,,28.0,live_field_lodo,no pit call from wear
2025,Bahrain,R,HAD,6,Racing Bulls,3.0,HARD,24,30.0,57.0,2.0,29.0,0.1251046344471659,-0.0009179756532241379,0.02266767727297571,0.0874085980050146,0.2004967073314685,0.10670992456621506,0.08517794992700047,0.01839470988095085,0.6255231722358295,1.251046344471659,1.8765695167074887,8.0,,,live_field_lodo,practice slope negative; no pit call from wear
2025,Bahrain,R,HAM,44,Ferrari,1.0,MEDIUM,15,2.0,16.0,2.0,16.0,0.1430816066424252,0.0033381819597486278,0.01277837057141363,0.06989145069005404,0.2894619185471676,0.07297591157798482,0.10686513629416916,0.07010569506444038,0.715408033212126,1.430816066424252,2.146224099636378,7.0,,17.0,live_field_lodo,no pit call from wear
2025,Bahrain,R,HAM,44,Ferrari,2.0,MEDIUM,13,19.0,31.0,2.0,14.0,0.09597857681359254,0.0033381819597486278,0.01277837057141363,0.06989145069005404,0.14815282906066954,0.029571413125035306,0.0299762896866265,0.06640716368855723,0.4798928840679627,0.9597857681359254,1.439678652203888,10.4,,32.0,live_field_lodo,no pit call from wear
2025,Bahrain,R,HAM,44,Ferrari,3.0,HARD,22,36.0,57.0,4.0,25.0,0.068705014265529,-0.0009179756532241379,0.02266767727297571,0.08300908522821714,0.04009687234015272,0.16706977641504148,0.14541024772772107,-0.09836476214951248,0.343525071327645,0.68705014265529,1.030575213982935,14.6,,,live_field_lodo,practice slope negative; no pit call from wear
2025,Bahrain,R,HUL,27,Kick Sauber,1.0,SOFT,3,2.0,4.0,2.0,4.0,0.0550725949684959,-0.00029167238427515985,-0.017255708574231855,0.0550725949684959,,,,,0.2753629748424795,0.550725949684959,0.8260889245274384,18.2,,5.0,field_lodo,practice slope negative; no pit call from wear
2025,Bahrain,R,HUL,27,Kick Sauber,2.0,MEDIUM,20,7.0,26.0,2.0,21.0,0.06805972240680272,0.0033381819597486278,0.01277837057141363,0.07288510836718794,0.058408950486032264,0.07235241093416266,0.08584998307143388,-0.004292688527359936,0.34029861203401357,0.6805972240680271,1.0208958361020408,14.7,,27.0,live_field_lodo,no pit call from wear
2025,Bahrain,R,HUL,27,Kick Sauber,3.0,MEDIUM,25,29.0,57.0,2.0,30.0,0.08839458289692353,0.0033381819597486278,0.01277837057141363,0.07288510836718794,0.11941353195639472,0.11623214346852248,0.07651682940303049,-0.027837560571598946,0.4419729144846177,0.8839458289692353,1.325918743453853,11.3,,,live_field_lodo,no pit call from wear
2025,Bahrain,R,LAW,30,Racing Bulls,1.0,MEDIUM,12,2.0,13.0,2.0,13.0,0.06742745915176747,0.0033381819597486278,0.01277837057141363,0.07345051563214769,0.05538134619100701,-0.05869423838113247,0.08824562923117847,0.12612169753289992,0.33713729575883733,0.6742745915176747,1.011411887276512,14.8,,14.0,live_field_lodo,no pit call from wear
2025,Bahrain,R,LAW,30,Racing Bulls,2.0,HARD,16,16.0,31.0,2.0,17.0,0.11718003789509418,-0.0009179756532241379,0.02266767727297571,0.0829401297553864,0.18565985417450973,0.1280251549324498,0.12509866638717415,-0.010845117037355606,0.585900189475471,1.171800378950942,1.7577005684264126,8.5,,32.0,live_field_lodo,practice slope negative; no pit call from wear
2025,Bahrain,R,LAW,30,Racing Bulls,3.0,SOFT,22,36.0,57.0,4.0,25.0,0.03752568650183618,-0.00029167238427515985,-0.017255708574231855,0.056288529752754266,-0.1259921296462663,0.13765686659644286,0.06408784368449379,-0.10013118009460667,0.1876284325091809,0.3752568650183618,0.5628852975275427,26.6,,,live_field_lodo,practice slope negative; no pit call from wear
2025,Bahrain,R,LEC,16,Ferrari,1.0,MEDIUM,15,2.0,16.0,2.0,16.0,0.11519915055776303,0.0033381819597486278,0.01277837057141363,0.06829051947971898,0.20901641271385116,0.04906529067347536,0.11304964523252971,0.06613385988428766,0.5759957527888151,1.1519915055776302,1.7279872583664455,8.7,,17.0,live_field_lodo,no pit call from wear
2025,Bahrain,R,LEC,16,Ferrari,2.0,MEDIUM,13,19.0,31.0,2.0,14.0,0.10578547108276508,0.0033381819597486278,0.01277837057141363,0.06829051947971898,0.18077537428885726,0.030327015752155,0.1318215238254101,0.07545845533061007,0.5289273554138254,1.0578547108276508,1.5867820662414762,9.5,,32.0,live_field_lodo,no pit call from wear
2025,Bahrain,R,LEC,16,Ferrari,3.0,HARD,22,36.0,57.0,4.0,25.0,0.08549690749342559,-0.0009179756532241379,0.02266767727297571,0.08078310881664162,0.09492450484699351,0.16052714759101122,0.14311552785087311,-0.07503024009758563,0.42748453746712795,0.8549690749342559,1.282453612401384,11.7,,,live_field_lodo,practice slope negative; no pit call from wear
2025,Bahrain,R,NOR,4,McLaren,1.0,SOFT,8,2.0,9.0,5.0,12.0,0.048918982442811614,-0.00029167238427515985,-0.017255708574231855,0.048918982442811614,,0.19662091875183804,0.19662091875183804,-0.14770193630902642,0.24459491221405807,0.48918982442811615,0.7337847366421743,20.4,,10.0,field_lodo,practice slope negative; no pit call from wear
2025,Bahrain,R,NOR,4,McLaren,2.0,MEDIUM,20,12.0,31.0,2.0,21.0,0.05547907097348254,0.0033381819597486278,0.01277837057141363,0.0715016539432146,0.02343390503401841,0.04938462923667316,0.06902991126016428,0.006094441736809383,0.27739535486741274,0.5547907097348255,0.8321860646022381,18.0,,32.0,live_field_lodo,no pit call from wear
2025,Bahrain,R,NOR,4,McLaren,3.0,MEDIUM,22,36.0,57.0,4.0,25.0,0.047667769295476406,0.0033381819597486278,0.01277837057141363,0.0715016539432146,-0.012064937099675826,0.14393209215882996,0.12357519131683206,-0.09626432286335355,0.23833884647738202,0.47667769295476403,0.715016539432146,21.0,,,live_field_lodo,no pit call from wear
2025,Bahrain,R,OCO,31,Haas F1 Team,1.0,SOFT,6,2.0,7.0,2.0,7.0,0.05514820470446074,-0.00029167238427515985,-0.017255708574231855,0.05514820470446074,,,,,0.2757410235223037,0.5514820470446073,0.8272230705669111,18.1,,8.0,field_lodo,practice slope negative; no pit call from wear
2025,Bahrain,R,OCO,31,Haas F1 Team,2.0,MEDIUM,17,10.0,26.0,2.0,18.0,0.10621986550609837,0.0033381819597486278,0.01277837057141363,0.071253008830528,0.1761535788572391,0.20819972899846603,0.15222300290798962,-0.10197986349236766,0.5310993275304918,1.0621986550609837,1.5932979825914755,9.4,,27.0,live_field_lodo,no pit call from wear
2025,Bahrain,R,OCO,31,Haas F1 Team,3.0,HARD,25,29.0,57.0,2.0,30.0,0.08644757374384691,-0.0009179756532241379,0.02266767727297571,0.08431305552615843,0.09071661017922385,0.13438017499008326,0.10852364803016355,-0.04793260124623634,0.4322378687192346,0.8644757374384692,1.2967136061577038,11.6,,,live_field_lodo,practice slope negative; no pit call from wear
2025,Bahrain,R,PIA,81,McLaren,1.0,SOFT,12,2.0,13.0,5.0,16.0,0.09953622562515616,-0.00029167238427515985,-0.017255708574231855,0.04958989208379767,0.19942889270787315,0.13895825031853637,0.1625343313412576,-0.039422024693380214,0.4976811281257808,0.9953622562515616,1.4930433843773423,10.0,,14.0,live_field_lodo,practice slope negative; no pit call from wear
2025,Bahrain,R,PIA,81,McLaren,2.0,MEDIUM,16,16.0,31.0,2.0,17.0,0.048373179590721696,0.0033381819597486278,0.01277837057141363,0.07255976938608254,-0.026425074341992948,0.055452288285010067,0.040770215876034396,-0.0070791086942883705,0.24186589795360847,0.48373179590721693,0.7255976938608254,20.7,,32.0,live_field_lodo,no pit call from wear
2025,Bahrain,R,PIA,81,McLaren,3.0,MEDIUM,22,36.0,57.0,4.0,25.0,0.12547725815033617,0.0033381819597486278,0.01277837057141363,0.07255976938608254,0.2313122356788434,0.07261316273329972,0.07189572442369051,0.05286409541703645,0.6273862907516808,1.2547725815033617,1.8821588722550424,8.0,,,live_field_lodo,no pit call from wear
2025,Bahrain,R,RUS,63,Mercedes,1.0,SOFT,11,2.0,12.0,5.0,15.0,0.048563917472901015,-0.00029167238427515985,-0.017255708574231855,0.048563917472901015,,0.16137002295152045,0.16137002295152045,-0.11280610547861944,0.24281958736450507,0.48563917472901014,0.7284587620935152,20.6,,13.0,field_lodo,practice slope negative; no pit call from wear
2025,Bahrain,R,RUS,63,Mercedes,2.0,MEDIUM,17,15.0,31.0,2.0,18.0,0.058372595929929674,0.0033381819597486278,0.01277837057141363,0.07396126509509977,0.027195257599589455,0.04945037523933495,0.03652876771632419,0.008922220690594722,0.29186297964964836,0.5837259592992967,0.8755889389489451,17.1,,32.0,live_field_lodo,no pit call from wear
2025,Bahrain,R,RUS,63,Mercedes,3.0,SOFT,2,36.0,37.0,7.0,8.0,0.048563917472901015,-0.00029167238427515985,-0.017255708574231855,0.048563917472901015,,,,,0.24281958736450507,0.48563917472901014,0.7284587620935152,20.6,,,field_lodo,practice slope negative; no pit call from wear
2025,Bahrain,R,SAI,55,Williams,1.0,SOFT,12,2.0,13.0,5.0,16.0,0.14994209366509628,-0.00029167238427515985,-0.017255708574231855,0.046229824871767945,0.357366631251753,0.0963089237938245,0.26060346021672653,0.053633169871271785,0.7497104683254814,1.4994209366509628,2.249131404976444,6.7,,14.0,live_field_lodo,practice slope negative; no pit call from wear
2025,Bahrain,R,SAI,55,Williams,2.0,MEDIUM,16,16.0,31.0,2.0,17.0,0.1306674664345293,0.0033381819597486278,0.01277837057141363,0.0701557883213787,0.2516908226608306,0.16906729278363314,0.195701792604101,-0.03839982634910383,0.6533373321726466,1.3066746643452931,1.9600119965179397,7.7,,32.0,live_field_lodo,no pit call from wear
2025,Bahrain,R,SAI,55,Williams,3.0,HARD,8,36.0,43.0,4.0,11.0,0.0850299397777072,-0.0009179756532241379,0.02266767727297571,0.0850299397777072,,0.22013608820613123,0.22013608820613123,-0.13510614842842403,0.42514969888853604,0.8502993977770721,1.275449096665608,11.8,,,field_lodo,practice slope negative; no pit call from wear
2025,Bahrain,R,STR,18,Aston Martin,1.0,SOFT,10,2.0,11.0,2.0,11.0,0.05380033283587878,-0.00029167238427515985,-0.017255708574231855,0.05380033283587878,,0.1284433811516483,0.1284433811516483,-0.07464304831576951,0.2690016641793939,0.5380033283587878,0.8070049925381817,18.6,,12.0,field_lodo,practice slope negative; no pit call from wear
2025,Bahrain,R,STR,18,Aston Martin,2.0,MEDIUM,18,14.0,31.0,2.0,19.0,0.06954150366346712,0.0033381819597486278,0.01277837057141363,0.07215864981328701,0.06430721136382732,0.1526522507912982,0.08212754885416786,-0.08311074712783109,0.3477075183173356,0.6954150366346712,1.043122554952007,14.4,,32.0,live_field_lodo,no pit call from wear
2025,Bahrain,R,STR,18,Aston Martin,3.0,HARD,22,36.0,57.0,4.0,25.0,0.08539019445900227,-0.0009179756532241379,0.02266767727297571,0.08507702361828363,0.08601653614043953,0.11780516967712684,0.08446538253170498,-0.03241497521812457,0.42695097229501133,0.8539019445900227,1.280852916885034,11.7,,,live_field_lodo,practice slope negative; no pit call from wear
2025,Bahrain,R,TSU,22,Red Bull Racing,1.0,SOFT,9,2.0,10.0,5.0,13.0,0.05090950992280095,-0.00029167238427515985,-0.017255708574231855,0.05090950992280095,,0.23408916519490267,0.23408916519490267,-0.18317965527210173,0.2545475496140048,0.5090950992280096,0.7636426488420143,19.6,,11.0,field_lodo,practice slope negative; no pit call from wear
2025,Bahrain,R,TSU,22,Red Bull Racing,2.0,MEDIUM,19,13.0,31.0,2.0,20.0,0.10703853031681881,0.0033381819597486278,0.01277837057141363,0.06780050280564193,0.18551458533917262,0.21332541740426675,0.1561011497731181,-0.10628688708744793,0.5351926515840941,1.0703853031681883,1.6055779547522822,9.3,,32.0,live_field_lodo,no pit call from wear
2025,Bahrain,R,TSU,22,Red Bull Racing,3.0,SOFT,22,36.0,57.0,7.0,28.0,0.033939673281867304,-0.00029167238427515985,-0.017255708574231855,0.05090950992280095,-0.019116125646619138,0.16337360083120997,0.11433487347905183,-0.12943392754934266,0.16969836640933653,0.33939673281867305,0.5090950992280096,29.5,,,live_field_lodo,practice slope negative; no pit call from wear
2025,Bahrain,R,VER,1,Red Bull Racing,1.0,SOFT,8,2.0,9.0,5.0,12.0,0.049855038533736136,-0.00029167238427515985,-0.017255708574231855,0.049855038533736136,,0.21349797811556423,0.21349797811556423,-0.1636429395818281,0.24927519266868067,0.49855038533736135,0.747825578006042,20.1,,10.0,field_lodo,practice slope negative; no pit call from wear
2025,Bahrain,R,VER,1,Red Bull Racing,2.0,HARD,14,12.0,25.0,2.0,15.0,0.11115184052452436,-0.0009179756532241379,0.02266767727297571,0.08691996677296297,0.1596155880276471,-0.12188205060797995,0.17532511524719285,0.2330338911325043,0.5557592026226218,1.1115184052452436,1.6672776078678653,9.0,,26.0,live_field_lodo,practice slope negative; no pit call from wear
2025,Bahrain,R,VER,1,Red Bull Racing,3.0,MEDIUM,26,28.0,57.0,2.0,31.0,0.07151316750985515,0.0033381819597486278,0.01277837057141363,0.07144895449930264,0.07164159353096014,0.14160153158230712,0.11803966112695424,-0.07008836407245198,0.35756583754927573,0.7151316750985515,1.072697512647827,14.0,,,live_field_lodo,no pit call from wear
2025,Imola,R,ALB,23,Williams,1.0,MEDIUM,27,2.0,28.0,2.0,28.0,0.028708186730582605,-0.004332337950776957,0.02263730778902443,0.026787387669722086,0.03254978485230364,0.058769247050507595,0.06408902386019805,-0.03006106031992499,0.14354093365291304,0.2870818673058261,0.43062280095873906,34.8,,29.0,live_field_lodo,practice slope negative; no pit call from wear
2025,Imola,R,ALB,23,Williams,2.0,HARD,13,32.0,44.0,3.0,15.0,0.052979438266571685,-0.008592678331448816,0.01746078601427348,0.05281272832150856,0.05331285815669792,-0.1438167586069742,0.03659784463409126,0.19679619687354588,0.26489719133285844,0.5297943826657169,0.7946915739985753,18.9,,45.0,live_field_lodo,practice slope negative; no pit call from wear
2025,Imola,R,ALB,23,Williams,3.0,HARD,10,54.0,63.0,7.0,16.0,0.05281272832150856,-0.008592678331448816,0.01746078601427348,0.05281272832150856,,0.07964957142643725,0.07964957142643725,-0.02683684310492869,0.2640636416075428,0.5281272832150856,0.7921909248226284,18.9,,,field_lodo,practice slope negative; no pit call from wear
2025,Imola,R,ALO,14,Aston Martin,1.0,MEDIUM,10,2.0,11.0,5.0,14.0,0.02795151755534082,-0.004332337950776957,0.02263730778902443,0.02795151755534082,,0.14306444079027242,0.14306444079027242,-0.1151129232349316,0.1397575877767041,0.2795151755534082,0.4192727633301123,35.8,,12.0,field_lodo,practice slope negative; no pit call from wear
2025,Imola,R,ALO,14,Aston Martin,2.0,HARD,27,14.0,44.0,3.0,33.0,0.051712350746539,-0.008592678331448816,0.01746078601427348,0.05213155520062395,0.0508739418383691,0.06798722018065677,0.06999316383140211,-0.016274869434117767,0.258561753732695,0.51712350746539,0.775685261198085,19.3,,45.0,live_field_lodo,practice slope negative; no pit call from wear
2025,Imola,R,ALO,14,Aston Martin,3.0,MEDIUM,10,54.0,63.0,12.0,21.0,0.02795151755534082,-0.004332337950776957,0.02263730778902443,0.02795151755534082,,-0.054407355353443286,-0.054407355353443286,0.0823588729087841,0.1397575877767041,0.2795151755534082,0.4192727633301123,35.8,,,field_lodo,practice slope negative; no pit call from wear
2025,Imola,R,ANT,12,Mercedes,1.0,HARD,27,2.0,28.0,2.0,28.0,0.04538444534192197,-0.008592678331448816,0.01746078601427348,0.05137500901853717,0.03340331798869155,0.046100851203210495,0.07951834765660733,-0.000716405861288523,0.22692222670960988,0.45384445341921975,0.6807666801288296,22.0,,29.0,live_field_lodo,practice slope negative; no pit call from wear
2025,Imola,R,ANT,12,Mercedes,2.0,MEDIUM,13,32.0,44.0,3.0,15.0,0.03713916532603238,-0.004332337950776957,0.02263730778902443,0.02822712757968332,0.05496324081873049,0.004068190932787009,0.003735932412103941,0.03307097439324538,0.18569582663016193,0.37139165326032386,0.5570874798904858,26.9,,,live_field_lodo,practice slope negative; no pit call from wear
2025,Imola,R,BEA,87,Haas F1 Team,1.0,HARD,26,2.0,27.0,2.0,27.0,0.03318906697157437,-0.008592678331448816,0.01746078601427348,0.049783600457361556,-0.02305529246649479,0.06791497854602126,0.05836126087490947,-0.034725911574446884,0.16594533485787186,0.3318906697157437,0.4978360045736156,30.1,,28.0,live_field_lodo,practice slope negative; no pit call from wear
2025,Imola,R,BEA,87,Haas F1 Team,3.0,HARD,22,33.0,63.0,2.0,32.0,0.03318906697157437,-0.008592678331448816,0.01746078601427348,0.049783600457361556,-0.019804273040002155,0.06645752372410044,0.0751431564626216,-0.033268456752526064,0.16594533485787186,0.3318906697157437,0.4978360045736156,30.1,,,live_field_lodo,practice slope negative; no pit call from wear
2025,Imola,R,BOR,5,Kick Sauber,1.0,MEDIUM,10,2.0,11.0,2.0,11.0,0.028891266418214625,-0.004332337950776957,0.02263730778902443,0.028891266418214625,,0.15318978664560018,0.15318978664560018,-0.12429852022738555,0.14445633209107311,0.28891266418214623,0.4333689962732194,34.6,,12.0,field_lodo,practice slope negative; no pit call from wear
2025,Imola,R,BOR,5,Kick Sauber,2.0,HARD,14,14.0,27.0,2.0,15.0,0.06010067810207989,-0.008592678331448816,0.01746078601427348,0.05337128804542293,0.0735594582153938,0.20731454334965435,0.08313167197448651,-0.14721386524757446,0.3005033905103994,0.6010067810207989,0.9015101715311984,16.6,,28.0,live_field_lodo,practice slope negative; no pit call from wear
2025,Imola,R,BOR,5,Kick Sauber,3.0,HARD,14,31.0,44.0,2.0,15.0,0.035580858696948624,-0.008592678331448816,0.01746078601427348,0.05337128804542293,-0.017349248458995492,0.03831388028666116,0.0391166626345795,-0.002733021589712538,0.17790429348474313,0.35580858696948625,0.5337128804542294,28.1,,45.0,live_field_lodo,practice slope negative; no pit call from wear
2025,Imola,R,BOR,5,Kick Sauber,4.0,MEDIUM,10,54.0,63.0,20.0,29.0,0.028891266418214625,-0.004332337950776957,0.02263730778902443,0.028891266418214625,,-0.11728143611959878,-0.11728143611959878,0.1461727025378134,0.14445633209107311,0.28891266418214623,0.4333689962732194,34.6,,,field_lodo,practice slope negative; no pit call from wear
2025,Imola,R,COL,43,Alpine,1.0,MEDIUM,20,2.0,21.0,2.0,21.0,0.016966874311384193,-0.004332337950776957,0.02263730778902443,0.025450311467076284,-0.10730730443172048,0.12455606865936793,0.09134866340808333,-0.10758919434798374,0.08483437155692096,0.16966874311384192,0.25450311467076286,,,22.0,live_field_lodo,practice slope negative; no pit call from wear
2025,Imola,R,COL,43,Alpine,2.0,HARD,18,24.0,44.0,2.0,22.0,0.0779595369047577,-0.008592678331448816,0.01746078601427348,0.05018910708779366,0.13350039653868576,0.36401863379339183,0.14294353979495814,-0.2860590968886341,0.3897976845237885,0.779595369047577,1.1693930535713655,12.8,,45.0,live_field_lodo,practice slope negative; no pit call from wear
2025,Imola,R,COL,43,Alpine,3.0,HARD,10,54.0,63.0,8.0,17.0,0.05018910708779366,-0.008592678331448816,0.01746078601427348,0.05018910708779366,,-0.03942498957781981,-0.03942498957781981,0.08961409666561347,0.2509455354389683,0.5018910708779366,0.7528366063169049,19.9,,,field_lodo,practice slope negative; no pit call from wear
2025,Imola,R,GAS,10,Alpine,1.0,MEDIUM,7,2.0,8.0,2.0,8.0,0.027707057997453103,-0.004332337950776957,0.02263730778902443,0.027707057997453103,,,,,0.13853528998726553,0.27707057997453105,0.41560586996179655,36.1,,9.0,field_lodo,practice slope negative; no pit call from wear
2025,Imola,R,GAS,10,Alpine,2.0,HARD,17,11.0,27.0,2.0,18.0,0.09069461449727992,-0.008592678331448816,0.01746078601427348,0.050410878366085286,0.1712620867596692,0.13661380312773477,0.1414911733303433,-0.045919188630454855,0.45347307248639956,0.9069461449727991,1.3604192174591987,11.0,,28.0,live_field_lodo,practice slope negative; no pit call from wear
2025,Imola,R,GAS,10,Alpine,3.0,HARD,24,31.0,63.0,2.0,34.0,0.03838283042072052,-0.008592678331448816,0.01746078601427348,0.050410878366085286,0.014326734529990968,0.023260014353504613,0.05263426302319437,0.015122816067215907,0.1919141521036026,0.3838283042072052,0.5757424563108078,26.1,,,live_field_lodo,practice slope negative; no pit call from wear
2025,Imola,R,HAD,6,Racing Bulls,1.0,MEDIUM,27,2.0,28.0,2.0,28.0,0.01644579413879364,-0.004332337950776957,0.02263730778902443,0.022894175182287646,0.0035490320518056177,0.043749603457171174,0.07535098903297659,-0.027303809318377534,0.0822289706939682,0.1644579413879364,0.2466869120819046,,,29.0,live_field_lodo,practice slope negative; no pit call from wear
2025,Imola,R,HAD,6,Racing Bulls,2.0,HARD,13,32.0,44.0,3.0,15.0,0.06699399026151602,-0.008592678331448816,0.01746078601427348,0.05269050109228239,0.09560096859998328,-0.0008360266713329849,0.05897432800735195,0.067830016932849,0.3349699513075801,0.6699399026151602,1.0049098539227403,14.9,,45.0,live_field_lodo,practice slope negative; no pit call from wear
2025,Imola,R,HAD,6,Racing Bulls,3.0,HARD,10,54.0,63.0,8.0,17.0,0.05269050109228239,-0.008592678331448816,0.01746078601427348,0.05269050109228239,,-0.007673611051240696,-0.007673611051240696,0.06036411214352309,0.26345250546141197,0.5269050109228239,0.7903575163842359,19.0,,,field_lodo,practice slope negative; no pit call from wear
2025,Imola,R,HAM,44,Ferrari,1.0,HARD,27,2.0,28.0,2.0,28.0,0.04691093163879716,-0.008592678331448816,0.01746078601427348,0.05251066509077614,0.03571146473483917,0.05517103502312324,0.07759837000095426,-0.008260103384326083,0.2345546581939858,0.4691093163879716,0.7036639745819574,21.3,,29.0,live_field_lodo,practice slope negative; no pit call from wear
2025,Imola,R,HAM,44,Ferrari,2.0,MEDIUM,13,32.0,44.0,3.0,15.0,0.07042789405587889,-0.004332337950776957,0.02263730778902443,0.02844458074318863,0.15439452068125942,-0.011827164976797972,0.022026494318424482,0.08225505903267687,0.35213947027939446,0.7042789405587889,1.0564184108381833,14.2,,45.0,live_field_lodo,practice slope negative; no pit call from wear
2025,Imola,R,HAM,44,Ferrari,3.0,HARD,10,54.0,63.0,8.0,17.0,0.05251066509077614,-0.008592678331448816,0.01746078601427348,0.05251066509077614,,-0.1597121895052668,-0.1597121895052668,0.21222285459604295,0.2625533254538807,0.5251066509077614,0.7876599763616421,19.0,,,field_lodo,practice slope negative; no pit call from wear
2025,Imola,R,HUL,27,Kick Sauber,1.0,HARD,26,2.0,27.0,2.0,27.0,0.03309436436661014,-0.008592678331448816,0.01746078601427348,0.0496415465499152,-0.054596559505920385,0.07743788775437334,0.07160434151948425,-0.0443435233877632,0.1654718218330507,0.3309436436661014,0.4964154654991521,30.2,,28.0,live_field_lodo,practice slope negative; no pit call from wear
2025,Imola,R,HUL,27,Kick Sauber,2.0,MEDIUM,23,32.0,63.0,3.0,34.0,0.019931574600888246,-0.004332337950776957,0.02263730778902443,0.029897361901332367,-0.13663263319071509,0.004095736970593103,0.009671933428437883,0.01583583763029514,0.09965787300444123,0.19931574600888247,0.2989736190133237,,,,live_field_lodo,practice slope negative; no pit call from wear
2025,Imola,R,LAW,30,Racing Bulls,1.0,MEDIUM,8,2.0,9.0,2.0,9.0,0.028284640253366442,-0.004332337950776957,0.02263730778902443,0.028284640253366442,,-0.09123538135871408,-0.09123538135871408,0.11952002161208052,0.14142320126683222,0.28284640253366444,0.4242696038004966,35.4,,10.0,field_lodo,practice slope negative; no pit call from wear
2025,Imola,R,LAW,30,Racing Bulls,2.0,HARD,16,12.0,27.0,2.0,17.0,0.05432650733235958,-0.008592678331448816,0.01746078601427348,0.051657880328482154,0.05966376134011442,0.16041664449635804,0.11051638661046008,-0.10609013716399845,0.2716325366617979,0.5432650733235957,0.8148976099853937,18.4,,28.0,live_field_lodo,practice slope negative; no pit call from wear
2025,Imola,R,LAW,30,Racing Bulls,3.0,HARD,24,31.0,63.0,2.0,34.0,0.04624114926091211,-0.008592678331448816,0.01746078601427348,0.051657880328482154,0.03540768712577201,0.035064496166576274,0.04228238962822532,0.011176653094335832,0.23120574630456053,0.46241149260912107,0.6936172389136817,21.6,,,live_field_lodo,practice slope negative; no pit call from wear
2025,Imola,R,LEC,16,Ferrari,1.0,MEDIUM,8,2.0,9.0,2.0,9.0,0.02967451750847639,-0.004332337950776957,0.02263730778902443,0.02967451750847639,,0.07899039183694205,0.07899039183694205,-0.04931587432846566,0.14837258754238195,0.2967451750847639,0.44511776262714586,33.7,,10.0,field_lodo,practice slope negative; no pit call from wear
2025,Imola,R,LEC,16,Ferrari,2.0,HARD,17,12.0,28.0,2.0,18.0,0.07751441380049677,-0.008592678331448816,0.01746078601427348,0.052600449481205326,0.12734234243907966,-0.14335185378099172,0.11112844826182965,0.22086626758148847,0.38757206900248387,0.7751441380049677,1.1627162070074515,12.9,,29.0,live_field_lodo,practice slope negative; no pit call from wear
2025,Imola,R,LEC,16,Ferrari,3.0,HARD,23,32.0,63.0,3.0,34.0,0.06353442693241565,-0.008592678331448816,0.01746078601427348,0.052600449481205326,0.0854023818348363,0.10053618119672506,0.060398570382907295,-0.037001754264309406,0.3176721346620782,0.6353442693241564,0.9530164039862348,15.7,,,live_field_lodo,practice slope negative; no pit call from wear
2025,Imola,R,NOR,4,McLaren,1.0,MEDIUM,26,2.0,27.0,2.0,27.0,0.03754940461278658,-0.004332337950776957,0.02263730778902443,0.02573922791371049,0.061169758010938755,0.045800875972460214,0.03258563801953613,-0.008251471359673634,0.1877470230639329,0.3754940461278658,0.5632410691917987,26.6,,28.0,live_field_lodo,practice slope negative; no pit call from wear
2025,Imola,R,NOR,4,McLaren,2.0,HARD,14,32.0,45.0,4.0,17.0,0.035572951512129684,-0.008592678331448816,0.01746078601427348,0.053359427268194516,-0.016614532097268375,0.17097363014735475,0.027454459199208883,-0.13540067863522506,0.17786475756064843,0.35572951512129686,0.5335942726819453,28.1,,46.0,live_field_lodo,practice slope negative; no pit call from wear
2025,Imola,R,NOR,4,McLaren,3.0,HARD,10,54.0,63.0,9.0,18.0,0.053359427268194516,-0.008592678331448816,0.01746078601427348,0.053359427268194516,,-0.05249875730733724,-0.05249875730733724,0.10585818457553176,0.2667971363409726,0.5335942726819451,0.8003914090229177,18.7,,,field_lodo,practice slope negative; no pit call from wear
2025,Imola,R,OCO,31,Haas F1 Team,2.0,HARD,25,3.0,27.0,2.0,26.0,0.08214530284665036,-0.008592678331448816,0.01746078601427348,0.04806261979502872,0.15031066894989367,0.028363978999737596,0.1108858345034061,0.05378132384691277,0.4107265142332518,0.8214530284665036,1.2321795426997555,12.2,,,live_field_lodo,practice slope negative; no pit call from wear
2025,Imola,R,PIA,81,McLaren,1.0,MEDIUM,11,2.0,12.0,2.0,12.0,0.029433115582807045,-0.004332337950776957,0.02263730778902443,0.029433115582807045,,0.06915704116877186,0.06915704116877186,-0.03972392558596481,0.14716557791403523,0.29433115582807046,0.4414967337421057,34.0,,13.0,field_lodo,practice slope negative; no pit call from wear
2025,Imola,R,PIA,81,McLaren,2.0,HARD,14,15.0,28.0,2.0,15.0,0.0487151294058638,-0.008592678331448816,0.01746078601427348,0.054936795417673684,0.036271797382244016,0.1451987129171366,0.03784269286750412,-0.0964835835112728,0.243575647029319,0.487151294058638,0.730726941087957,20.5,,29.0,live_field_lodo,practice slope negative; no pit call from wear
2025,Imola,R,PIA,81,McLaren,3.0,HARD,24,32.0,63.0,2.0,33.0,0.051339035888276194,-0.008592678331448816,0.01746078601427348,0.054936795417673684,0.0441435168294812,0.0421636066396456,0.04396077142736398,0.009175429248630594,0.256695179441381,0.513390358882762,0.770085538324143,19.5,,,live_field_lodo,practice slope negative; no pit call from wear
2025,Imola,R,RUS,63,Mercedes,1.0,MEDIUM,9,2.0,10.0,5.0,13.0,0.027325083513146362,-0.004332337950776957,0.02263730778902443,0.027325083513146362,,0.15152076233361922,0.15152076233361922,-0.12419567882047286,0.13662541756573182,0.27325083513146364,0.4098762526971954,36.6,,11.0,field_lodo,practice slope negative; no pit call from wear
2025,Imola,R,RUS,63,Mercedes,2.0,HARD,15,13.0,27.0,2.0,16.0,0.08026325060579272,-0.008592678331448816,0.01746078601427348,0.05421898467156559,0.13235178247424695,-0.03491168022386871,0.09048168015576605,0.11517493082966143,0.40131625302896357,0.8026325060579271,1.2039487590868907,12.5,,28.0,live_field_lodo,practice slope negative; no pit call from wear
2025,Imola,R,RUS,63,Mercedes,3.0,HARD,24,31.0,63.0,2.0,34.0,0.03614598978104373,-0.008592678331448816,0.01746078601427348,0.05421898467156559,-0.059475998956491215,0.04205354903642441,0.018973841603619927,-0.005907559255380675,0.18072994890521865,0.3614598978104373,0.542189846715656,27.7,,,live_field_lodo,practice slope negative; no pit call from wear
2025,Imola,R,SAI,55,Williams,1.0,MEDIUM,9,2.0,10.0,2.0,10.0,0.02863493794269016,-0.004332337950776957,0.02263730778902443,0.02863493794269016,,0.1228548355343386,0.1228548355343386,-0.09421989759164844,0.14317468971345082,0.28634937942690164,0.4295240691403524,34.9,,11.0,field_lodo,practice slope negative; no pit call from wear
2025,Imola,R,SAI,55,Williams,2.0,HARD,15,13.0,27.0,2.0,16.0,0.06414485710112268,-0.008592678331448816,0.01746078601427348,0.05553625348867434,0.08136206432601936,0.12068906444544386,0.14396655829038052,-0.05654420734432118,0.3207242855056134,0.6414485710112268,0.9621728565168401,15.6,,28.0,live_field_lodo,practice slope negative; no pit call from wear
2025,Imola,R,SAI,55,Williams,3.0,HARD,24,31.0,63.0,2.0,34.0,0.06316426578759587,-0.008592678331448816,0.01746078601427348,0.05553625348867434,0.07842029038543896,0.025233565279068972,0.01577603046782225,0.0379307005085269,0.3158213289379794,0.6316426578759587,0.9474639868139381,15.8,,,live_field_lodo,practice slope negative; no pit call from wear
2025,Imola,R,STR,18,Aston Martin,1.0,MEDIUM,12,2.0,13.0,5.0,16.0,0.024993516415671754,-0.004332337950776957,0.02263730778902443,0.026507310349825453,0.02196592854736435,-0.09004269015591433,0.13760166337992807,0.11503620657158609,0.12496758207835877,0.24993516415671754,0.3749027462350763,40.0,,14.0,live_field_lodo,practice slope negative; no pit call from wear
2025,Imola,R,STR,18,Aston Martin,2.0,HARD,25,16.0,44.0,3.0,31.0,0.07205958750925089,-0.008592678331448816,0.01746078601427348,0.05052015852321337,0.1151384454813259,0.04368655561359496,0.07863746227749377,0.028373031895655924,0.36029793754625444,0.7205958750925089,1.0808938126387633,13.9,,45.0,live_field_lodo,practice slope negative; no pit call from wear
2025,Imola,R,STR,18,Aston Martin,3.0,MEDIUM,10,54.0,63.0,14.0,23.0,0.026507310349825453,-0.004332337950776957,0.02263730778902443,0.026507310349825453,,-0.018335282250597034,-0.018335282250597034,0.04484259260042249,0.13253655174912726,0.2650731034982545,0.3976096552473818,37.7,,,field_lodo,practice slope negative; no pit call from wear
2025,Imola,R,TSU,22,Red Bull Racing,1.0,HARD,26,2.0,27.0,2.0,27.0,0.03684352561371326,-0.008592678331448816,0.01746078601427348,0.04880841774016788,0.012913741360804028,0.06807288999354355,0.07781677081946342,-0.031229364379830288,0.1842176280685663,0.3684352561371326,0.5526528842056989,27.1,,28.0,live_field_lodo,practice slope negative; no pit call from wear
2025,Imola,R,TSU,22,Red Bull Racing,2.0,MEDIUM,24,31.0,63.0,2.0,34.0,0.019412476319986743,-0.004332337950776957,0.02263730778902443,0.02911871447998011,-0.013988515373073053,-0.00280984047576462,0.011636289405971717,0.022222316795751363,0.09706238159993372,0.19412476319986743,0.2911871447998011,,,,live_field_lodo,practice slope negative; no pit call from wear
2025,Imola,R,VER,1,Red Bull Racing,1.0,MEDIUM,27,2.0,28.0,2.0,28.0,0.032803552606133476,-0.004332337950776957,0.02263730778902443,0.02383842712880738,0.05073380356078567,0.05134342059890531,0.05716766175130349,-0.01853986799277183,0.1640177630306674,0.3280355260613348,0.49205328909200213,30.5,,29.0,live_field_lodo,practice slope negative; no pit call from wear
2025,Imola,R,VER,1,Red Bull Racing,2.0,HARD,14,32.0,45.0,3.0,16.0,0.03541325361362191,-0.008592678331448816,0.01746078601427348,0.053119880420432856,-0.04994965257733708,0.09462501460270017,-0.009410513939239605,-0.059211760989078266,0.17706626806810954,0.3541325361362191,0.5311988042043286,28.2,,46.0,live_field_lodo,practice slope negative; no pit call from wear
2025,Imola,R,VER,1,Red Bull Racing,3.0,HARD,10,54.0,63.0,8.0,17.0,0.053119880420432856,-0.008592678331448816,0.01746078601427348,0.053119880420432856,,0.10263657522476723,0.10263657522476723,-0.04951669480433437,0.26559940210216426,0.5311988042043285,0.7967982063064929,18.8,,,field_lodo,practice slope negative; no pit call from wear
2025,Monza,R,ALB,23,Williams,1.0,HARD,38,2.0,39.0,2.0,39.0,0.004094413039803255,-0.015806122098023866,0.06069626553669196,0.006141619559704882,-0.10676485362503724,-0.020990805451845115,-0.01818428755951391,0.02508521849164837,0.020472065199016277,0.040944130398032554,0.06141619559704883,,,40.0,live_field_lodo,practice slope negative; no pit call from wear
2025,Monza,R,ALB,23,Williams,2.0,MEDIUM,11,43.0,53.0,2.0,12.0,0.0057626558332628695,-0.010613638827845703,0.04938104156972234,0.0057626558332628695,,0.022999153356692212,0.022999153356692212,-0.01723649752342934,0.02881327916631435,0.0576265583326287,0.08643983749894305,,,,field_lodo,practice slope negative; no pit call from wear
2025,Monza,R,ALO,14,Aston Martin,1.0,MEDIUM,18,2.0,19.0,3.0,20.0,0.004233626424700271,-0.010613638827845703,0.04938104156972234,0.006350439637050407,-0.11965574048787567,0.008471636139503838,-0.003636788097180269,-0.004238009714803567,0.021168132123501358,0.042336264247002715,0.06350439637050408,,,20.0,live_field_lodo,practice slope negative; no pit call from wear
2025,Monza,R,ALO,14,Aston Martin,2.0,HARD,2,22.0,23.0,3.0,4.0,0.005072229147937552,-0.015806122098023866,0.06069626553669196,0.005072229147937552,,,,,0.02536114573968776,0.05072229147937552,0.07608343721906329,,,,field_lodo,practice slope negative; no pit call from wear
2025,Monza,R,ANT,12,Mercedes,1.0,MEDIUM,26,2.0,27.0,2.0,27.0,0.004488826743493252,-0.010613638827845703,0.04938104156972234,0.006733240115239876,-0.08732767522419868,-0.018938047235956976,-0.012723902358494243,0.023426873979450227,0.022444133717466258,0.044888267434932516,0.06733240115239877,,,28.0,live_field_lodo,practice slope negative; no pit call from wear
2025,Monza,R,ANT,12,Mercedes,2.0,HARD,23,30.0,53.0,2.0,25.0,0.027342901890188856,-0.015806122098023866,0.06069626553669196,0.003826533256420092,0.07437563915772638,-0.010639706447801184,0.024071396634818526,0.03798260833799004,0.13671450945094427,0.27342901890188853,0.41014352835283285,36.6,,,live_field_lodo,practice slope negative; no pit call from wear
2025,Monza,R,BEA,87,Haas F1 Team,1.0,MEDIUM,16,2.0,17.0,2.0,17.0,0.00409605951077215,-0.010613638827845703,0.04938104156972234,0.006144089266158225,-0.07712947488769165,0.013476218428034955,-0.0017750123498745196,-0.009380158917262803,0.02048029755386075,0.0409605951077215,0.06144089266158225,,,18.0,live_field_lodo,practice slope negative; no pit call from wear
2025,Monza,R,BEA,87,Haas F1 Team,2.0,HARD,33,20.0,53.0,2.0,35.0,0.002851240267788466,-0.015806122098023866,0.06069626553669196,0.004276860401682699,-0.01962464537832717,0.0014733261227278512,-0.01311498087400641,0.0013779141450606148,0.01425620133894233,0.02851240267788466,0.04276860401682699,,,,live_field_lodo,practice slope negative; no pit call from wear
2025,Monza,R,BOR,5,Kick Sauber,1.0,MEDIUM,18,2.0,19.0,2.0,19.0,0.003939019433668071,-0.010613638827845703,0.04938104156972234,0.005908529150502106,-0.0013546888904217153,0.010916550624619291,0.01335616183469527,-0.00697753119095122,0.019695097168340357,0.039390194336680714,0.05908529150502107,,,20.0,live_field_lodo,practice slope negative; no pit call from wear
2025,Monza,R,BOR,5,Kick Sauber,2.0,HARD,31,22.0,53.0,2.0,33.0,0.00287697140861295,-0.015806122098023866,0.06069626553669196,0.004315457112919425,-0.036772553446862394,0.015913901123891374,0.00017166988756586038,-0.013036929715278424,0.01438485704306475,0.0287697140861295,0.043154571129194255,,,,live_field_lodo,practice slope negative; no pit call from wear
2025,Monza,R,COL,43,Alpine,1.0,MEDIUM,31,2.0,32.0,2.0,32.0,0.0028699018020222956,-0.010613638827845703,0.04938104156972234,0.004304852703033443,-0.028424204232942823,0.01782675717857703,0.012822389992021887,-0.014956855376554735,0.014349509010111478,0.028699018020222955,0.04304852703033443,,,33.0,live_field_lodo,practice slope negative; no pit call from wear
2025,Monza,R,COL,43,Alpine,2.0,HARD,17,35.0,52.0,2.0,19.0,0.01777843231416813,-0.015806122098023866,0.06069626553669196,0.003578359422070021,0.04617857809836434,0.1873486455368292,0.04190263353607789,-0.16957021322266108,0.08889216157084065,0.1777843231416813,0.2666764847125219,,,,live_field_lodo,practice slope negative; no pit call from wear
2025,Monza,R,GAS,10,Alpine,1.0,HARD,46,2.0,48.0,2.0,48.0,0.003516085787362195,-0.015806122098023866,0.06069626553669196,0.0052741286810432915,-0.12847686046887344,0.0024320392415204148,-0.0003895948044953584,0.0010840465458417802,0.017580428936810975,0.03516085787362195,0.05274128681043293,,,49.0,live_field_lodo,practice slope negative; no pit call from wear
2025,Monza,R,GAS,10,Alpine,2.0,SOFT,2,51.0,52.0,2.0,3.0,0.056788197805180685,1.069578398064997e-06,0.05268917908982106,0.056788197805180685,,,,,0.2839409890259034,0.5678819780518068,0.8518229670777102,17.6,,,field_lodo,soft_from_medium; no pit call from wear
2025,Monza,R,HAD,6,Racing Bulls,1.0,HARD,30,2.0,31.0,3.0,32.0,0.0034900416647750507,-0.015806122098023866,0.06069626553669196,0.005235062497162575,-0.16535511642951917,0.002482253749696182,-0.006313674650351274,0.0010077879150788686,0.017450208323875255,0.03490041664775051,0.05235062497162576,,,32.0,live_field_lodo,practice slope negative; no pit call from wear
2025,Monza,R,HAD,6,Racing Bulls,2.0,MEDIUM,19,34.0,53.0,2.0,21.0,0.02608951686026358,-0.010613638827845703,0.04938104156972234,0.00521369225668368,0.06784116606742338,0.0499902189174075,0.02605942453517992,-0.02390070205714392,0.1304475843013179,0.2608951686026358,0.3913427529039537,38.3,,,live_field_lodo,practice slope negative; no pit call from wear
2025,Monza,R,HAM,44,Ferrari,1.0,MEDIUM,36,2.0,37.0,2.0,37.0,0.003550088186656465,-0.010613638827845703,0.04938104156972234,0.005325132279984697,-0.17475095641572821,0.020106637278276593,0.012989687243830497,-0.01655654909162013,0.017750440933282326,0.03550088186656465,0.05325132279984697,,,38.0,live_field_lodo,practice slope negative; no pit call from wear
2025,Monza,R,HAM,44,Ferrari,2.0,HARD,13,41.0,53.0,3.0,15.0,0.0029039911281600965,-0.015806122098023866,0.06069626553669196,0.004355986692240145,-0.025488970912092145,0.10384020948099665,0.015365127273284124,-0.10093621835283655,0.014519955640800483,0.029039911281600966,0.04355986692240145,,,,live_field_lodo,practice slope negative; no pit call from wear
2025,Monza,R,LAW,30,Racing Bulls,1.0,SOFT,7,2.0,8.0,2.0,8.0,0.056788197805180685,1.069578398064997e-06,0.05268917908982106,0.056788197805180685,,,,,0.2839409890259034,0.5678819780518068,0.8518229670777102,17.6,,9.0,field_lodo,soft_from_medium; no pit call from wear
2025,Monza,R,LAW,30,Racing Bulls,2.0,HARD,42,11.0,53.0,2.0,44.0,0.017099275423215717,-0.015806122098023866,0.06069626553669196,0.0026374294656005388,0.046022967338446075,0.005999198585508493,0.024443005291699835,0.011100076837707223,0.08549637711607858,0.17099275423215715,0.25648913134823575,,,,live_field_lodo,practice slope negative; no pit call from wear
2025,Monza,R,LEC,16,Ferrari,1.0,MEDIUM,31,2.0,32.0,2.0,32.0,0.005202767775391443,-0.010613638827845703,0.04938104156972234,0.007804151663087164,-0.11834447131124497,0.0018097108439958929,-0.007633770238988369,0.0033930569313955503,0.026013838876957216,0.05202767775391443,0.07804151663087165,,,33.0,live_field_lodo,practice slope negative; no pit call from wear
2025,Monza,R,LEC,16,Ferrari,2.0,HARD,18,35.0,53.0,2.0,20.0,0.011416088823982696,-0.015806122098023866,0.06069626553669196,0.003477708765879606,0.027292848940188876,0.027642840809056938,0.01303642718030516,-0.016226751985074242,0.057080444119913476,0.11416088823982695,0.17124133235974043,,,,live_field_lodo,practice slope negative; no pit call from wear
2025,Monza,R,NOR,4,McLaren,1.0,MEDIUM,43,2.0,45.0,2.0,45.0,0.0025509163378684852,-0.010613638827845703,0.04938104156972234,0.0038263745068027274,-0.007872198047907413,0.029186212485782882,0.022606639469945025,-0.0266352961479144,0.012754581689342426,0.025509163378684852,0.03826374506802728,,,46.0,live_field_lodo,practice slope negative; no pit call from wear
2025,Monza,R,NOR,4,McLaren,2.0,SOFT,6,48.0,53.0,4.0,9.0,0.004400330682823136,1.069578398064997e-06,0.05268917908982106,0.004400330682823136,,,,,0.02200165341411568,0.04400330682823136,0.06600496024234703,,,,field_lodo,soft_from_medium; no pit call from wear
2025,Monza,R,OCO,31,Haas F1 Team,1.0,HARD,48,2.0,50.0,2.0,50.0,0.0030681882903604387,-0.015806122098023866,0.06069626553669196,0.004602282435540657,-0.10193350490812714,0.014304290524633098,0.011877816693411768,-0.01123610223427266,0.015340941451802193,0.030681882903604386,0.04602282435540658,,,,live_field_lodo,practice slope negative; no pit call from wear
2025,Monza,R,PIA,81,McLaren,1.0,MEDIUM,42,2.0,44.0,2.0,44.0,0.003990010263362699,-0.010613638827845703,0.04938104156972234,0.0059850153950440485,-0.24758202656410713,0.015402282884857123,0.007426493488784783,-0.011412272621494423,0.019950051316813495,0.03990010263362699,0.059850153950440486,,,45.0,live_field_lodo,practice slope negative; no pit call from wear
2025,Monza,R,PIA,81,McLaren,2.0,SOFT,7,47.0,53.0,5.0,11.0,0.006882767704300655,1.069578398064997e-06,0.05268917908982106,0.006882767704300655,,,,,0.03441383852150327,0.06882767704300655,0.10324151556450982,,,,field_lodo,soft_from_medium; no pit call from wear
2025,Monza,R,RUS,63,Mercedes,1.0,MEDIUM,25,2.0,26.0,2.0,26.0,0.0035861068766111755,-0.010613638827845703,0.04938104156972234,0.005379160314916763,-0.14434710673654289,0.02842119427130378,0.006470212262979003,-0.024835087394692604,0.017930534383055877,0.03586106876611175,0.05379160314916763,,,27.0,live_field_lodo,practice slope negative; no pit call from wear
2025,Monza,R,RUS,63,Mercedes,2.0,HARD,24,29.0,53.0,2.0,26.0,0.0320436258117611,-0.015806122098023866,0.06069626553669196,0.002975203224105802,0.0901804709870717,0.039248023717000764,0.02253615903606047,-0.007204397905239662,0.1602181290588055,0.320436258117611,0.4806543871764165,31.2,,,live_field_lodo,practice slope negative; no pit call from wear
2025,Monza,R,SAI,55,Williams,1.0,MEDIUM,28,2.0,29.0,2.0,29.0,0.0035591058918779993,-0.010613638827845703,0.04938104156972234,0.0053386588378169985,-0.11902692464144839,0.010979846493798915,0.00646044724288745,-0.007420740601920915,0.017795529459389996,0.03559105891877999,0.05338658837816999,,,30.0,live_field_lodo,practice slope negative; no pit call from wear
2025,Monza,R,SAI,55,Williams,2.0,HARD,21,32.0,53.0,2.0,23.0,0.03430160597023035,-0.015806122098023866,0.06069626553669196,0.0035863623146666725,0.09573209328135772,0.014645315209317101,0.031338610002602005,0.019656290760913252,0.17150802985115177,0.34301605970230353,0.5145240895534553,29.2,,,live_field_lodo,practice slope negative; no pit call from wear
2025,Monza,R,STR,18,Aston Martin,1.0,HARD,46,2.0,48.0,3.0,49.0,0.0025662073874028477,-0.015806122098023866,0.06069626553669196,0.003849311081104271,-0.05908538718007416,0.018405906576616192,0.012649011246069583,-0.015839699189213345,0.012831036937014238,0.025662073874028475,0.038493110811042716,,,49.0,live_field_lodo,practice slope negative; no pit call from wear
2025,Monza,R,STR,18,Aston Martin,2.0,SOFT,2,51.0,52.0,2.0,3.0,0.056788197805180685,1.069578398064997e-06,0.05268917908982106,0.056788197805180685,,,,,0.2839409890259034,0.5678819780518068,0.8518229670777102,17.6,,,field_lodo,soft_from_medium; no pit call from wear
2025,Monza,R,TSU,22,Red Bull Racing,1.0,MEDIUM,17,2.0,18.0,2.0,18.0,0.004330907843685313,-0.010613638827845703,0.04938104156972234,0.006496361765527968,-0.08375585384055663,0.06670470885833815,0.025756470798553546,-0.06237380101465284,0.021654539218426562,0.043309078436853124,0.06496361765527969,,,19.0,live_field_lodo,practice slope negative; no pit call from wear
2025,Monza,R,TSU,22,Red Bull Racing,2.0,HARD,32,21.0,53.0,2.0,34.0,0.062364694744537034,-0.015806122098023866,0.06069626553669196,0.004231637173751903,0.1786308098861073,0.00910693011898635,0.006434974809346927,0.05325776462555069,0.31182347372268515,0.6236469474453703,0.9354704211680556,16.0,,,live_field_lodo,practice slope negative; no pit call from wear
2025,Monza,R,VER,1,Red Bull Racing,1.0,MEDIUM,35,2.0,36.0,2.0,36.0,0.0026423099026552503,-0.010613638827845703,0.04938104156972234,0.003963464853982875,-0.07844407220724058,0.043361592445365645,0.032564193664045844,-0.04071928254271039,0.013211549513276251,0.026423099026552502,0.03963464853982875,,,37.0,live_field_lodo,practice slope negative; no pit call from wear
2025,Monza,R,VER,1,Red Bull Racing,2.0,HARD,13,39.0,53.0,2.0,16.0,0.017347558050579297,-0.015806122098023866,0.06069626553669196,0.0037982278080497325,0.04444621853563843,-0.011232405367511465,0.040394132966417924,0.028579963418090763,0.08673779025289649,0.17347558050579298,0.26021337075868944,,,,live_field_lodo,practice slope negative; no pit call from wear
2025,Silverstone,R,ALB,23,Williams,1.0,INTERMEDIATE,4,8.0,11.0,8.0,11.0,,,,,,,,,,,,,,12.0,practice,wet compound; wet session; fell back to practice prior; no pit call from wear
2025,Silverstone,R,ALB,23,Williams,2.0,INTERMEDIATE,18,23.0,41.0,11.0,29.0,0.0,,,,-0.0030202406779671863,-0.29205243842518036,-0.10499451972189702,0.29205243842518036,0.0,0.0,0.0,,,42.0,live_window,wet compound; wet session; no pit call from wear
2025,Silverstone,R,ALB,23,Williams,3.0,MEDIUM,9,44.0,52.0,2.0,10.0,0.0,-0.0038479119070147305,,,,-0.7598199556168779,-0.7598199556168779,0.7598199556168779,0.0,0.0,0.0,,,,practice,wet session; fell back to practice prior; practice slope negative; no pit call from wear
2025,Silverstone,R,ALO,14,Aston Martin,1.0,INTERMEDIATE,3,8.0,10.0,8.0,10.0,,,,,,,,,,,,,,11.0,practice,wet compound; wet session; fell back to practice prior; no pit call from wear
2025,Silverstone,R,ALO,14,Aston Martin,2.0,INTERMEDIATE,14,23.0,36.0,12.0,25.0,0.0,,,,-0.17246177050479866,-0.36777747127977845,-0.03303967885128772,0.36777747127977845,0.0,0.0,0.0,,,37.0,live_window,wet compound; wet session; no pit call from wear
2025,Silverstone,R,ALO,14,Aston Martin,3.0,MEDIUM,9,44.0,52.0,8.0,16.0,0.0,-0.0038479119070147305,,,,-0.31666446255556174,-0.31666446255556174,0.31666446255556174,0.0,0.0,0.0,,,,practice,wet session; fell back to practice prior; practice slope negative; no pit call from wear
2025,Silverstone,R,ANT,12,Mercedes,2.0,HARD,1,8.0,8.0,6.0,6.0,0.0,-0.001910966849538796,,,,,,,0.0,0.0,0.0,,,9.0,practice,wet session; fell back to practice prior; practice slope negative; no pit call from wear
2025,Silverstone,R,ANT,12,Mercedes,3.0,INTERMEDIATE,2,11.0,12.0,2.0,3.0,,,,,,,,,,,,,,,practice,wet compound; wet session; fell back to practice prior; no pit call from wear
2025,Silverstone,R,BEA,87,Haas F1 Team,1.0,HARD,2,8.0,9.0,8.0,9.0,0.0,-0.001910966849538796,,,,,,,0.0,0.0,0.0,,,10.0,practice,wet session; fell back to practice prior; practice slope negative; no pit call from wear
2025,Silverstone,R,BEA,87,Haas F1 Team,2.0,INTERMEDIATE,18,12.0,40.0,2.0,30.0,0.0,,,,-0.3124573835825936,-0.14198963479146728,-0.13518566622274786,0.14198963479146728,0.0,0.0,0.0,,,41.0,live_window,wet compound; wet session; no pit call from wear
2025,Silverstone,R,BEA,87,Haas F1 Team,3.0,MEDIUM,9,44.0,52.0,3.0,11.0,0.0,-0.0038479119070147305,,,,-0.3366966324404751,-0.3366966324404751,0.3366966324404751,0.0,0.0,0.0,,,,practice,wet session; fell back to practice prior; practice slope negative; no pit call from wear
2025,Silverstone,R,GAS,10,Alpine,1.0,INTERMEDIATE,3,8.0,10.0,8.0,10.0,,,,,,,,,,,,,,11.0,practice,wet compound; wet session; fell back to practice prior; no pit call from wear
2025,Silverstone,R,GAS,10,Alpine,2.0,INTERMEDIATE,16,23.0,38.0,12.0,27.0,0.0,,,,-0.0649024240865907,-0.37951723698533246,-0.1113557953733345,0.37951723698533246,0.0,0.0,0.0,,,39.0,live_window,wet compound; wet session; no pit call from wear
2025,Silverstone,R,GAS,10,Alpine,3.0,MEDIUM,8,45.0,52.0,4.0,11.0,0.0,-0.0038479119070147305,,,,-0.2178949361804943,-0.2178949361804943,0.2178949361804943,0.0,0.0,0.0,,,,practice,wet session; fell back to practice prior; practice slope negative; no pit call from wear
2025,Silverstone,R,HAD,6,Racing Bulls,1.0,MEDIUM,2,8.0,9.0,8.0,9.0,0.0,-0.0038479119070147305,,,,,,,0.0,0.0,0.0,,,10.0,practice,wet session; fell back to practice prior; practice slope negative; no pit call from wear
2025,Silverstone,R,HAD,6,Racing Bulls,2.0,INTERMEDIATE,1,12.0,12.0,2.0,2.0,,,,,,,,,,,,,,,practice,wet compound; wet session; fell back to practice prior; no pit call from wear
2025,Silverstone,R,HAM,44,Ferrari,1.0,INTERMEDIATE,3,8.0,10.0,8.0,10.0,,,,,,,,,,,,,,11.0,practice,wet compound; wet session; fell back to practice prior; no pit call from wear
2025,Silverstone,R,HAM,44,Ferrari,2.0,INTERMEDIATE,17,23.0,39.0,12.0,28.0,0.0,,,,-0.22442171613232012,-0.35025556124445667,-0.22558374751617583,0.35025556124445667,0.0,0.0,0.0,,,40.0,live_window,wet compound; wet session; no pit call from wear
2025,Silverstone,R,HAM,44,Ferrari,3.0,SOFT,8,45.0,52.0,7.0,14.0,0.0,-1.3695504612428484e-05,,,,-0.22677641233252893,-0.22677641233252893,0.22677641233252893,0.0,0.0,0.0,,,,practice,wet session; fell back to practice prior; practice slope negative; no pit call from wear
2025,Silverstone,R,HUL,27,Kick Sauber,1.0,INTERMEDIATE,1,8.0,8.0,8.0,8.0,,,,,,,,,,,,,,9.0,practice,wet compound; wet session; fell back to practice prior; no pit call from wear
2025,Silverstone,R,HUL,27,Kick Sauber,2.0,INTERMEDIATE,20,11.0,41.0,2.0,32.0,0.0,,,,-0.10169440801238822,-0.28979216684996884,-0.15927789654200708,0.28979216684996884,0.0,0.0,0.0,,,42.0,live_window,wet compound; wet session; no pit call from wear
2025,Silverstone,R,HUL,27,Kick Sauber,3.0,MEDIUM,8,45.0,52.0,3.0,10.0,0.0,-0.0038479119070147305,,,,-0.31380986123137034,-0.31380986123137034,0.31380986123137034,0.0,0.0,0.0,,,,practice,wet session; fell back to practice prior; practice slope negative; no pit call from wear
2025,Silverstone,R,LEC,16,Ferrari,1.0,MEDIUM,2,8.0,9.0,8.0,9.0,0.0,-0.0038479119070147305,,,,,,,0.0,0.0,0.0,,,10.0,practice,wet session; fell back to practice prior; practice slope negative; no pit call from wear
2025,Silverstone,R,LEC,16,Ferrari,2.0,INTERMEDIATE,19,12.0,41.0,2.0,31.0,0.0,,,,-0.20353018330276854,-0.3525275046035141,-0.17737281962135168,0.3525275046035141,0.0,0.0,0.0,,,42.0,live_window,wet compound; wet session; no pit call from wear
2025,Silverstone,R,LEC,16,Ferrari,3.0,SOFT,8,45.0,52.0,6.0,13.0,0.0,-1.3695504612428484e-05,,,,-0.18431032660808797,-0.18431032660808797,0.18431032660808797,0.0,0.0,0.0,,,,practice,wet session; fell back to practice prior; practice slope negative; no pit call from wear
2025,Silverstone,R,NOR,4,McLaren,1.0,INTERMEDIATE,3,8.0,10.0,8.0,10.0,,,,,,,,,,,,,,11.0,practice,wet compound; wet session; fell back to practice prior; no pit call from wear
2025,Silverstone,R,NOR,4,McLaren,2.0,INTERMEDIATE,19,23.0,42.0,12.0,31.0,0.14172407906901657,,,,0.14172407906901657,-0.24668847284708398,-0.11899648818910259,0.3884125519161006,0.7086203953450829,1.4172407906901658,2.1258611860352485,7.1,,43.0,live_window,wet compound; wet session; no pit call from wear
2025,Silverstone,R,NOR,4,McLaren,3.0,MEDIUM,7,46.0,52.0,2.0,8.0,0.0,-0.0038479119070147305,,,,,,,0.0,0.0,0.0,,,,practice,wet session; fell back to practice prior; practice slope negative; no pit call from wear
2025,Silverstone,R,OCO,31,Haas F1 Team,1.0,INTERMEDIATE,5,8.0,12.0,8.0,12.0,,,,,,,,,,,,,,13.0,practice,wet compound; wet session; fell back to practice prior; no pit call from wear
2025,Silverstone,R,OCO,31,Haas F1 Team,2.0,INTERMEDIATE,18,23.0,41.0,5.0,23.0,0.1721329036449341,,,,0.1721329036449341,-0.20061796388174377,-0.15244911093963534,0.37275086752667785,0.8606645182246706,1.7213290364493412,2.581993554674012,5.8,,42.0,live_window,wet compound; wet session; no pit call from wear
2025,Silverstone,R,OCO,31,Haas F1 Team,3.0,MEDIUM,9,44.0,52.0,2.0,10.0,0.0,-0.0038479119070147305,,,,-0.26017267118196186,-0.26017267118196186,0.26017267118196186,0.0,0.0,0.0,,,,practice,wet session; fell back to practice prior; practice slope negative; no pit call from wear
2025,Silverstone,R,PIA,81,McLaren,1.0,INTERMEDIATE,3,8.0,10.0,8.0,10.0,,,,,,,,,,,,,,11.0,practice,wet compound; wet session; fell back to practice prior; no pit call from wear
2025,Silverstone,R,PIA,81,McLaren,2.0,INTERMEDIATE,19,23.0,42.0,12.0,31.0,0.20360727468470602,,,,0.20360727468470602,-0.26149363196006814,-0.13142371604217792,0.46510090664477416,1.01803637342353,2.03607274684706,3.0541091202705903,4.9,,43.0,live_window,wet compound; wet session; no pit call from wear
2025,Silverstone,R,PIA,81,McLaren,3.0,MEDIUM,8,45.0,52.0,2.0,9.0,0.0,-0.0038479119070147305,,,,-0.41451508829972156,-0.41451508829972156,0.41451508829972156,0.0,0.0,0.0,,,,practice,wet session; fell back to practice prior; practice slope negative; no pit call from wear
2025,Silverstone,R,RUS,63,Mercedes,1.0,HARD,2,8.0,9.0,8.0,9.0,0.0,-0.001910966849538796,,,,,,,0.0,0.0,0.0,,,10.0,practice,wet session; fell back to practice prior; practice slope negative; no pit call from wear
2025,Silverstone,R,RUS,63,Mercedes,2.0,INTERMEDIATE,16,12.0,37.0,2.0,27.0,0.0,,,,-0.15529473619984088,-0.3915054075533128,-0.0963707258523399,0.3915054075533128,0.0,0.0,0.0,,,38.0,live_window,wet compound; wet session; no pit call from wear
2025,Silverstone,R,RUS,63,Mercedes,3.0,HARD,9,44.0,52.0,6.0,14.0,0.0,-0.001910966849538796,,,,-0.30431174246106646,-0.30431174246106646,0.30431174246106646,0.0,0.0,0.0,,,,practice,wet session; fell back to practice prior; practice slope negative; no pit call from wear
2025,Silverstone,R,SAI,55,Williams,1.0,INTERMEDIATE,3,8.0,10.0,8.0,10.0,,,,,,,,,,,,,,11.0,practice,wet compound; wet session; fell back to practice prior; no pit call from wear
2025,Silverstone,R,SAI,55,Williams,2.0,INTERMEDIATE,17,23.0,40.0,12.0,29.0,0.0,,,,-0.04301577653544761,-0.2847676952693645,-0.07362953188190405,0.2847676952693645,0.0,0.0,0.0,,,41.0,live_window,wet compound; wet session; no pit call from wear
2025,Silverstone,R,SAI,55,Williams,3.0,MEDIUM,9,44.0,52.0,3.0,11.0,0.0,-0.0038479119070147305,,,,-0.6032566433535924,-0.6032566433535924,0.6032566433535924,0.0,0.0,0.0,,,,practice,wet session; fell back to practice prior; practice slope negative; no pit call from wear
2025,Silverstone,R,STR,18,Aston Martin,2.0,SOFT,2,8.0,9.0,2.0,3.0,0.0,-1.3695504612428484e-05,,,,,,,0.0,0.0,0.0,,,10.0,practice,wet session; fell back to practice prior; practice slope negative; no pit call from wear
2025,Silverstone,R,STR,18,Aston Martin,3.0,INTERMEDIATE,17,12.0,38.0,2.0,28.0,0.0,,,,-0.1387943478357441,-0.17088701349693394,-0.012653187024842943,0.17088701349693394,0.0,0.0,0.0,,,39.0,live_window,wet compound; wet session; no pit call from wear
2025,Silverstone,R,STR,18,Aston Martin,4.0,SOFT,8,45.0,52.0,4.0,11.0,0.0,-1.3695504612428484e-05,,,,0.06691129108199112,0.06691129108199112,-0.06691129108199112,0.0,0.0,0.0,,,,practice,wet session; fell back to practice prior; practice slope negative; no pit call from wear
2025,Silverstone,R,TSU,22,Red Bull Racing,1.0,INTERMEDIATE,3,8.0,10.0,8.0,10.0,,,,,,,,,,,,,,11.0,practice,wet compound; wet session; fell back to practice prior; no pit call from wear
2025,Silverstone,R,TSU,22,Red Bull Racing,2.0,INTERMEDIATE,17,23.0,40.0,12.0,29.0,0.0,,,,-0.29159699632564473,-0.010284441073551292,-0.004579217083103946,0.010284441073551292,0.0,0.0,0.0,,,41.0,live_window,wet compound; wet session; no pit call from wear
2025,Silverstone,R,TSU,22,Red Bull Racing,3.0,MEDIUM,7,45.0,51.0,4.0,10.0,0.0,-0.0038479119070147305,,,,,,,0.0,0.0,0.0,,,,practice,wet session; fell back to practice prior; practice slope negative; no pit call from wear
2025,Silverstone,R,VER,1,Red Bull Racing,1.0,INTERMEDIATE,3,8.0,10.0,8.0,10.0,,,,,,,,,,,,,,11.0,practice,wet compound; wet session; fell back to practice prior; no pit call from wear
2025,Silverstone,R,VER,1,Red Bull Racing,2.0,INTERMEDIATE,17,23.0,40.0,12.0,29.0,0.0,,,,-0.017636358614042735,-0.42369579445272726,-0.15469125837896155,0.42369579445272726,0.0,0.0,0.0,,,41.0,live_window,wet compound; wet session; no pit call from wear
2025,Silverstone,R,VER,1,Red Bull Racing,3.0,MEDIUM,8,45.0,52.0,4.0,11.0,0.0,-0.0038479119070147305,,,,-0.41871413206007446,-0.41871413206007446,0.41871413206007446,0.0,0.0,0.0,,,,practice,wet session; fell back to practice prior; practice slope negative; no pit call from wear
